INFO 2025-10-31 15:09:17,110 autoreload Watching for file changes with StatReloader
INFO 2025-10-31 15:09:38,003 autoreload A:\graduation\files\BackendV4\medismile\settings.py changed, reloading.
INFO 2025-10-31 15:09:38,843 autoreload Watching for file changes with StatReloader
INFO 2025-10-31 15:09:43,205 autoreload A:\graduation\files\BackendV4\medismile\settings.py changed, reloading.
INFO 2025-10-31 15:09:44,159 autoreload Watching for file changes with StatReloader
INFO 2025-10-31 15:11:11,422 autoreload A:\graduation\files\BackendV4\apps\accounts\apps.py changed, reloading.
INFO 2025-10-31 15:11:12,326 autoreload Watching for file changes with StatReloader
INFO 2025-10-31 15:11:16,649 autoreload A:\graduation\files\BackendV4\apps\accounts\apps.py changed, reloading.
INFO 2025-10-31 15:11:17,754 autoreload Watching for file changes with StatReloader
INFO 2025-10-31 16:40:53,983 autoreload Watching for file changes with StatReloader
WARNING 2025-10-31 16:42:05,278 log Not Found: /
WARNING 2025-10-31 16:42:05,819 log Not Found: /logo.png
WARNING 2025-10-31 16:42:06,201 log Not Found: /favicon.ico
WARNING 2025-10-31 16:54:02,763 log Method Not Allowed: /api/v1/accounts/register/patient/
WARNING 2025-10-31 16:54:03,278 log Not Found: /api/v1/accounts/register/patient/logo.png
ERROR 2025-10-31 16:54:38,051 log Internal Server Error: /api/v1/accounts/register/patient/
Traceback (most recent call last):
  File "A:\graduation\files\BackendV4\venv\Lib\site-packages\django\core\handlers\exception.py", line 55, in inner
    response = get_response(request)
               ^^^^^^^^^^^^^^^^^^^^^
  File "A:\graduation\files\BackendV4\venv\Lib\site-packages\django\core\handlers\base.py", line 197, in _get_response
    response = wrapped_callback(request, *callback_args, **callback_kwargs)
               ^^^^^^^^^^^^^^^^^^^^^^^^^^^^^^^^^^^^^^^^^^^^^^^^^^^^^^^^^^^^
  File "A:\graduation\files\BackendV4\venv\Lib\site-packages\django\views\decorators\csrf.py", line 65, in _view_wrapper
    return view_func(request, *args, **kwargs)
           ^^^^^^^^^^^^^^^^^^^^^^^^^^^^^^^^^^^
  File "A:\graduation\files\BackendV4\venv\Lib\site-packages\django\views\generic\base.py", line 104, in view
    return self.dispatch(request, *args, **kwargs)
           ^^^^^^^^^^^^^^^^^^^^^^^^^^^^^^^^^^^^^^^
  File "A:\graduation\files\BackendV4\venv\Lib\site-packages\rest_framework\views.py", line 509, in dispatch
    response = self.handle_exception(exc)
               ^^^^^^^^^^^^^^^^^^^^^^^^^^
  File "A:\graduation\files\BackendV4\venv\Lib\site-packages\rest_framework\views.py", line 469, in handle_exception
    self.raise_uncaught_exception(exc)
  File "A:\graduation\files\BackendV4\venv\Lib\site-packages\rest_framework\views.py", line 480, in raise_uncaught_exception
    raise exc
  File "A:\graduation\files\BackendV4\venv\Lib\site-packages\rest_framework\views.py", line 506, in dispatch
    response = handler(request, *args, **kwargs)
               ^^^^^^^^^^^^^^^^^^^^^^^^^^^^^^^^^
  File "A:\graduation\files\BackendV4\venv\Lib\site-packages\rest_framework\generics.py", line 194, in post
    return self.create(request, *args, **kwargs)
           ^^^^^^^^^^^^^^^^^^^^^^^^^^^^^^^^^^^^^
  File "A:\graduation\files\BackendV4\venv\Lib\site-packages\rest_framework\mixins.py", line 19, in create
    self.perform_create(serializer)
  File "A:\graduation\files\BackendV4\venv\Lib\site-packages\rest_framework\mixins.py", line 24, in perform_create
    serializer.save()
  File "A:\graduation\files\BackendV4\venv\Lib\site-packages\rest_framework\serializers.py", line 208, in save
    self.instance = self.create(validated_data)
                    ^^^^^^^^^^^^^^^^^^^^^^^^^^^
  File "A:\graduation\files\BackendV4\apps\accounts\serializers.py", line 137, in create
    user = User.objects.create_user(
           ^^^^^^^^^^^^^^^^^^^^^^^^^
  File "A:\graduation\files\BackendV4\venv\Lib\site-packages\django\contrib\auth\models.py", line 161, in create_user
    return self._create_user(username, email, password, **extra_fields)
           ^^^^^^^^^^^^^^^^^^^^^^^^^^^^^^^^^^^^^^^^^^^^^^^^^^^^^^^^^^^^
  File "A:\graduation\files\BackendV4\venv\Lib\site-packages\django\contrib\auth\models.py", line 153, in _create_user
    user = self.model(username=username, email=email, **extra_fields)
           ^^^^^^^^^^^^^^^^^^^^^^^^^^^^^^^^^^^^^^^^^^^^^^^^^^^^^^^^^^
  File "A:\graduation\files\BackendV4\venv\Lib\site-packages\django\db\models\base.py", line 567, in __init__
    raise TypeError(
TypeError: User() got unexpected keyword arguments: 'role'
WARNING 2025-10-31 16:56:43,300 log Forbidden: /api/v1/accounts/register/student/
WARNING 2025-10-31 16:56:43,638 log Not Found: /api/v1/accounts/register/student/logo.png
INFO 2025-10-31 17:04:54,478 autoreload A:\graduation\files\BackendV4\apps\accounts\models.py changed, reloading.
INFO 2025-10-31 17:05:00,455 autoreload Watching for file changes with StatReloader
INFO 2025-10-31 17:05:18,234 autoreload A:\graduation\files\BackendV4\apps\accounts\serializers.py changed, reloading.
INFO 2025-10-31 17:05:20,211 autoreload Watching for file changes with StatReloader
INFO 2025-10-31 17:05:33,220 autoreload A:\graduation\files\BackendV4\apps\accounts\views.py changed, reloading.
INFO 2025-10-31 17:05:34,733 autoreload Watching for file changes with StatReloader
INFO 2025-10-31 17:07:14,461 autoreload Watching for file changes with StatReloader
WARNING 2025-10-31 17:07:23,343 log Method Not Allowed: /api/v1/accounts/register/patient/
ERROR 2025-10-31 17:07:31,330 log Internal Server Error: /api/v1/accounts/register/patient/
Traceback (most recent call last):
  File "A:\graduation\files\BackendV4\venv\Lib\site-packages\django\core\handlers\exception.py", line 55, in inner
    response = get_response(request)
               ^^^^^^^^^^^^^^^^^^^^^
  File "A:\graduation\files\BackendV4\venv\Lib\site-packages\django\core\handlers\base.py", line 197, in _get_response
    response = wrapped_callback(request, *callback_args, **callback_kwargs)
               ^^^^^^^^^^^^^^^^^^^^^^^^^^^^^^^^^^^^^^^^^^^^^^^^^^^^^^^^^^^^
  File "A:\graduation\files\BackendV4\venv\Lib\site-packages\django\views\decorators\csrf.py", line 65, in _view_wrapper
    return view_func(request, *args, **kwargs)
           ^^^^^^^^^^^^^^^^^^^^^^^^^^^^^^^^^^^
  File "A:\graduation\files\BackendV4\venv\Lib\site-packages\django\views\generic\base.py", line 104, in view
    return self.dispatch(request, *args, **kwargs)
           ^^^^^^^^^^^^^^^^^^^^^^^^^^^^^^^^^^^^^^^
  File "A:\graduation\files\BackendV4\venv\Lib\site-packages\rest_framework\views.py", line 509, in dispatch
    response = self.handle_exception(exc)
               ^^^^^^^^^^^^^^^^^^^^^^^^^^
  File "A:\graduation\files\BackendV4\venv\Lib\site-packages\rest_framework\views.py", line 469, in handle_exception
    self.raise_uncaught_exception(exc)
  File "A:\graduation\files\BackendV4\venv\Lib\site-packages\rest_framework\views.py", line 480, in raise_uncaught_exception
    raise exc
  File "A:\graduation\files\BackendV4\venv\Lib\site-packages\rest_framework\views.py", line 506, in dispatch
    response = handler(request, *args, **kwargs)
               ^^^^^^^^^^^^^^^^^^^^^^^^^^^^^^^^^
  File "A:\graduation\files\BackendV4\venv\Lib\site-packages\rest_framework\generics.py", line 194, in post
    return self.create(request, *args, **kwargs)
           ^^^^^^^^^^^^^^^^^^^^^^^^^^^^^^^^^^^^^
  File "A:\graduation\files\BackendV4\venv\Lib\site-packages\rest_framework\mixins.py", line 19, in create
    self.perform_create(serializer)
  File "A:\graduation\files\BackendV4\venv\Lib\site-packages\rest_framework\mixins.py", line 24, in perform_create
    serializer.save()
  File "A:\graduation\files\BackendV4\venv\Lib\site-packages\rest_framework\serializers.py", line 208, in save
    self.instance = self.create(validated_data)
                    ^^^^^^^^^^^^^^^^^^^^^^^^^^^
  File "A:\graduation\files\BackendV4\apps\accounts\serializers.py", line 152, in create
    PatientProfile.objects.create(user=user)
  File "A:\graduation\files\BackendV4\venv\Lib\site-packages\django\db\models\manager.py", line 87, in manager_method
    return getattr(self.get_queryset(), name)(*args, **kwargs)
           ^^^^^^^^^^^^^^^^^^^^^^^^^^^^^^^^^^^^^^^^^^^^^^^^^^^
  File "A:\graduation\files\BackendV4\venv\Lib\site-packages\django\db\models\query.py", line 677, in create
    obj = self.model(**kwargs)
          ^^^^^^^^^^^^^^^^^^^^
  File "A:\graduation\files\BackendV4\venv\Lib\site-packages\django\db\models\base.py", line 543, in __init__
    _setattr(self, field.name, rel_obj)
  File "A:\graduation\files\BackendV4\venv\Lib\site-packages\django\db\models\fields\related_descriptors.py", line 387, in __set__
    super().__set__(instance, value)
  File "A:\graduation\files\BackendV4\venv\Lib\site-packages\django\db\models\fields\related_descriptors.py", line 284, in __set__
    raise ValueError(
ValueError: Cannot assign "<User: patient1>": "PatientProfile.user" must be a "User" instance.
WARNING 2025-10-31 18:46:32,174 log Bad Request: /api/v1/accounts/register/patient/
WARNING 2025-10-31 18:48:46,069 log Bad Request: /api/v1/accounts/register/patient/
ERROR 2025-10-31 18:49:50,121 log Internal Server Error: /api/v1/accounts/register/patient/
Traceback (most recent call last):
  File "A:\graduation\files\BackendV4\venv\Lib\site-packages\django\core\handlers\exception.py", line 55, in inner
    response = get_response(request)
               ^^^^^^^^^^^^^^^^^^^^^
  File "A:\graduation\files\BackendV4\venv\Lib\site-packages\django\core\handlers\base.py", line 197, in _get_response
    response = wrapped_callback(request, *callback_args, **callback_kwargs)
               ^^^^^^^^^^^^^^^^^^^^^^^^^^^^^^^^^^^^^^^^^^^^^^^^^^^^^^^^^^^^
  File "A:\graduation\files\BackendV4\venv\Lib\site-packages\django\views\decorators\csrf.py", line 65, in _view_wrapper
    return view_func(request, *args, **kwargs)
           ^^^^^^^^^^^^^^^^^^^^^^^^^^^^^^^^^^^
  File "A:\graduation\files\BackendV4\venv\Lib\site-packages\django\views\generic\base.py", line 104, in view
    return self.dispatch(request, *args, **kwargs)
           ^^^^^^^^^^^^^^^^^^^^^^^^^^^^^^^^^^^^^^^
  File "A:\graduation\files\BackendV4\venv\Lib\site-packages\rest_framework\views.py", line 509, in dispatch
    response = self.handle_exception(exc)
               ^^^^^^^^^^^^^^^^^^^^^^^^^^
  File "A:\graduation\files\BackendV4\venv\Lib\site-packages\rest_framework\views.py", line 469, in handle_exception
    self.raise_uncaught_exception(exc)
  File "A:\graduation\files\BackendV4\venv\Lib\site-packages\rest_framework\views.py", line 480, in raise_uncaught_exception
    raise exc
  File "A:\graduation\files\BackendV4\venv\Lib\site-packages\rest_framework\views.py", line 506, in dispatch
    response = handler(request, *args, **kwargs)
               ^^^^^^^^^^^^^^^^^^^^^^^^^^^^^^^^^
  File "A:\graduation\files\BackendV4\venv\Lib\site-packages\rest_framework\generics.py", line 194, in post
    return self.create(request, *args, **kwargs)
           ^^^^^^^^^^^^^^^^^^^^^^^^^^^^^^^^^^^^^
  File "A:\graduation\files\BackendV4\venv\Lib\site-packages\rest_framework\mixins.py", line 19, in create
    self.perform_create(serializer)
  File "A:\graduation\files\BackendV4\venv\Lib\site-packages\rest_framework\mixins.py", line 24, in perform_create
    serializer.save()
  File "A:\graduation\files\BackendV4\venv\Lib\site-packages\rest_framework\serializers.py", line 208, in save
    self.instance = self.create(validated_data)
                    ^^^^^^^^^^^^^^^^^^^^^^^^^^^
  File "A:\graduation\files\BackendV4\apps\accounts\serializers.py", line 152, in create
    PatientProfile.objects.create(user=user)
  File "A:\graduation\files\BackendV4\venv\Lib\site-packages\django\db\models\manager.py", line 87, in manager_method
    return getattr(self.get_queryset(), name)(*args, **kwargs)
           ^^^^^^^^^^^^^^^^^^^^^^^^^^^^^^^^^^^^^^^^^^^^^^^^^^^
  File "A:\graduation\files\BackendV4\venv\Lib\site-packages\django\db\models\query.py", line 677, in create
    obj = self.model(**kwargs)
          ^^^^^^^^^^^^^^^^^^^^
  File "A:\graduation\files\BackendV4\venv\Lib\site-packages\django\db\models\base.py", line 543, in __init__
    _setattr(self, field.name, rel_obj)
  File "A:\graduation\files\BackendV4\venv\Lib\site-packages\django\db\models\fields\related_descriptors.py", line 387, in __set__
    super().__set__(instance, value)
  File "A:\graduation\files\BackendV4\venv\Lib\site-packages\django\db\models\fields\related_descriptors.py", line 284, in __set__
    raise ValueError(
ValueError: Cannot assign "<User: kmefl>": "PatientProfile.user" must be a "User" instance.
INFO 2025-10-31 18:52:37,773 autoreload A:\graduation\files\BackendV4\apps\accounts\models.py changed, reloading.
INFO 2025-10-31 18:52:44,610 autoreload Watching for file changes with StatReloader
INFO 2025-10-31 18:52:49,444 autoreload A:\graduation\files\BackendV4\apps\accounts\models.py changed, reloading.
INFO 2025-10-31 18:52:52,698 autoreload Watching for file changes with StatReloader
INFO 2025-10-31 18:54:55,585 autoreload A:\graduation\files\BackendV4\apps\accounts\serializers.py changed, reloading.
INFO 2025-10-31 18:54:57,384 autoreload Watching for file changes with StatReloader
INFO 2025-10-31 18:55:01,038 autoreload A:\graduation\files\BackendV4\apps\accounts\serializers.py changed, reloading.
INFO 2025-10-31 18:55:02,847 autoreload Watching for file changes with StatReloader
ERROR 2025-10-31 18:58:34,194 log Internal Server Error: /api/v1/accounts/register/patient/
Traceback (most recent call last):
  File "A:\graduation\files\BackendV4\venv\Lib\site-packages\django\core\handlers\exception.py", line 55, in inner
    response = get_response(request)
               ^^^^^^^^^^^^^^^^^^^^^
  File "A:\graduation\files\BackendV4\venv\Lib\site-packages\django\core\handlers\base.py", line 197, in _get_response
    response = wrapped_callback(request, *callback_args, **callback_kwargs)
               ^^^^^^^^^^^^^^^^^^^^^^^^^^^^^^^^^^^^^^^^^^^^^^^^^^^^^^^^^^^^
  File "A:\graduation\files\BackendV4\venv\Lib\site-packages\django\views\decorators\csrf.py", line 65, in _view_wrapper
    return view_func(request, *args, **kwargs)
           ^^^^^^^^^^^^^^^^^^^^^^^^^^^^^^^^^^^
  File "A:\graduation\files\BackendV4\venv\Lib\site-packages\django\views\generic\base.py", line 104, in view
    return self.dispatch(request, *args, **kwargs)
           ^^^^^^^^^^^^^^^^^^^^^^^^^^^^^^^^^^^^^^^
  File "A:\graduation\files\BackendV4\venv\Lib\site-packages\rest_framework\views.py", line 509, in dispatch
    response = self.handle_exception(exc)
               ^^^^^^^^^^^^^^^^^^^^^^^^^^
  File "A:\graduation\files\BackendV4\venv\Lib\site-packages\rest_framework\views.py", line 469, in handle_exception
    self.raise_uncaught_exception(exc)
  File "A:\graduation\files\BackendV4\venv\Lib\site-packages\rest_framework\views.py", line 480, in raise_uncaught_exception
    raise exc
  File "A:\graduation\files\BackendV4\venv\Lib\site-packages\rest_framework\views.py", line 506, in dispatch
    response = handler(request, *args, **kwargs)
               ^^^^^^^^^^^^^^^^^^^^^^^^^^^^^^^^^
  File "A:\graduation\files\BackendV4\venv\Lib\site-packages\rest_framework\generics.py", line 194, in post
    return self.create(request, *args, **kwargs)
           ^^^^^^^^^^^^^^^^^^^^^^^^^^^^^^^^^^^^^
  File "A:\graduation\files\BackendV4\venv\Lib\site-packages\rest_framework\mixins.py", line 19, in create
    self.perform_create(serializer)
  File "A:\graduation\files\BackendV4\venv\Lib\site-packages\rest_framework\mixins.py", line 24, in perform_create
    serializer.save()
  File "A:\graduation\files\BackendV4\venv\Lib\site-packages\rest_framework\serializers.py", line 208, in save
    self.instance = self.create(validated_data)
                    ^^^^^^^^^^^^^^^^^^^^^^^^^^^
  File "A:\graduation\files\BackendV4\apps\accounts\serializers.py", line 149, in create
    user = User(
           ^^^^^
  File "A:\graduation\files\BackendV4\venv\Lib\site-packages\django\db\models\base.py", line 567, in __init__
    raise TypeError(
TypeError: User() got unexpected keyword arguments: 'role'
INFO 2025-10-31 19:01:21,114 autoreload A:\graduation\files\BackendV4\apps\accounts\views.py changed, reloading.
INFO 2025-10-31 19:01:22,755 autoreload Watching for file changes with StatReloader
INFO 2025-10-31 19:01:26,413 autoreload A:\graduation\files\BackendV4\apps\accounts\views.py changed, reloading.
INFO 2025-10-31 19:01:28,995 autoreload Watching for file changes with StatReloader
INFO 2025-10-31 19:01:36,285 autoreload A:\graduation\files\BackendV4\apps\accounts\serializers.py changed, reloading.
INFO 2025-10-31 19:01:38,330 autoreload Watching for file changes with StatReloader
INFO 2025-10-31 19:01:42,293 autoreload A:\graduation\files\BackendV4\apps\accounts\views.py changed, reloading.
INFO 2025-10-31 19:01:44,403 autoreload Watching for file changes with StatReloader
INFO 2025-10-31 19:01:59,093 autoreload A:\graduation\files\BackendV4\apps\accounts\views.py changed, reloading.
INFO 2025-10-31 19:02:00,577 autoreload Watching for file changes with StatReloader
INFO 2025-10-31 19:02:08,482 autoreload A:\graduation\files\BackendV4\apps\accounts\views.py changed, reloading.
INFO 2025-10-31 19:02:09,963 autoreload Watching for file changes with StatReloader
WARNING 2025-10-31 19:02:17,060 log Method Not Allowed: /api/v1/accounts/register/patient/
WARNING 2025-10-31 19:02:17,515 log Not Found: /api/v1/accounts/register/patient/logo.png
ERROR 2025-10-31 19:03:01,549 log Internal Server Error: /api/v1/accounts/register/patient/
Traceback (most recent call last):
  File "A:\graduation\files\BackendV4\venv\Lib\site-packages\django\core\handlers\exception.py", line 55, in inner
    response = get_response(request)
               ^^^^^^^^^^^^^^^^^^^^^
  File "A:\graduation\files\BackendV4\venv\Lib\site-packages\django\core\handlers\base.py", line 197, in _get_response
    response = wrapped_callback(request, *callback_args, **callback_kwargs)
               ^^^^^^^^^^^^^^^^^^^^^^^^^^^^^^^^^^^^^^^^^^^^^^^^^^^^^^^^^^^^
  File "A:\graduation\files\BackendV4\venv\Lib\site-packages\django\views\decorators\csrf.py", line 65, in _view_wrapper
    return view_func(request, *args, **kwargs)
           ^^^^^^^^^^^^^^^^^^^^^^^^^^^^^^^^^^^
  File "A:\graduation\files\BackendV4\venv\Lib\site-packages\django\views\generic\base.py", line 104, in view
    return self.dispatch(request, *args, **kwargs)
           ^^^^^^^^^^^^^^^^^^^^^^^^^^^^^^^^^^^^^^^
  File "A:\graduation\files\BackendV4\venv\Lib\site-packages\rest_framework\views.py", line 509, in dispatch
    response = self.handle_exception(exc)
               ^^^^^^^^^^^^^^^^^^^^^^^^^^
  File "A:\graduation\files\BackendV4\venv\Lib\site-packages\rest_framework\views.py", line 469, in handle_exception
    self.raise_uncaught_exception(exc)
  File "A:\graduation\files\BackendV4\venv\Lib\site-packages\rest_framework\views.py", line 480, in raise_uncaught_exception
    raise exc
  File "A:\graduation\files\BackendV4\venv\Lib\site-packages\rest_framework\views.py", line 506, in dispatch
    response = handler(request, *args, **kwargs)
               ^^^^^^^^^^^^^^^^^^^^^^^^^^^^^^^^^
  File "A:\graduation\files\BackendV4\venv\Lib\site-packages\rest_framework\generics.py", line 194, in post
    return self.create(request, *args, **kwargs)
           ^^^^^^^^^^^^^^^^^^^^^^^^^^^^^^^^^^^^^
  File "A:\graduation\files\BackendV4\venv\Lib\site-packages\rest_framework\mixins.py", line 19, in create
    self.perform_create(serializer)
  File "A:\graduation\files\BackendV4\venv\Lib\site-packages\rest_framework\mixins.py", line 24, in perform_create
    serializer.save()
  File "A:\graduation\files\BackendV4\venv\Lib\site-packages\rest_framework\serializers.py", line 208, in save
    self.instance = self.create(validated_data)
                    ^^^^^^^^^^^^^^^^^^^^^^^^^^^
  File "A:\graduation\files\BackendV4\apps\accounts\serializers.py", line 148, in create
    user = User(
           ^^^^^
  File "A:\graduation\files\BackendV4\venv\Lib\site-packages\django\db\models\base.py", line 567, in __init__
    raise TypeError(
TypeError: User() got unexpected keyword arguments: 'role'
WARNING 2025-10-31 19:03:16,418 log Method Not Allowed: /api/v1/accounts/register/patient/
WARNING 2025-10-31 19:03:16,785 log Not Found: /api/v1/accounts/register/patient/logo.png
ERROR 2025-10-31 19:04:40,159 log Internal Server Error: /api/v1/accounts/register/patient/
Traceback (most recent call last):
  File "A:\graduation\files\BackendV4\venv\Lib\site-packages\django\core\handlers\exception.py", line 55, in inner
    response = get_response(request)
               ^^^^^^^^^^^^^^^^^^^^^
  File "A:\graduation\files\BackendV4\venv\Lib\site-packages\django\core\handlers\base.py", line 197, in _get_response
    response = wrapped_callback(request, *callback_args, **callback_kwargs)
               ^^^^^^^^^^^^^^^^^^^^^^^^^^^^^^^^^^^^^^^^^^^^^^^^^^^^^^^^^^^^
  File "A:\graduation\files\BackendV4\venv\Lib\site-packages\django\views\decorators\csrf.py", line 65, in _view_wrapper
    return view_func(request, *args, **kwargs)
           ^^^^^^^^^^^^^^^^^^^^^^^^^^^^^^^^^^^
  File "A:\graduation\files\BackendV4\venv\Lib\site-packages\django\views\generic\base.py", line 104, in view
    return self.dispatch(request, *args, **kwargs)
           ^^^^^^^^^^^^^^^^^^^^^^^^^^^^^^^^^^^^^^^
  File "A:\graduation\files\BackendV4\venv\Lib\site-packages\rest_framework\views.py", line 509, in dispatch
    response = self.handle_exception(exc)
               ^^^^^^^^^^^^^^^^^^^^^^^^^^
  File "A:\graduation\files\BackendV4\venv\Lib\site-packages\rest_framework\views.py", line 469, in handle_exception
    self.raise_uncaught_exception(exc)
  File "A:\graduation\files\BackendV4\venv\Lib\site-packages\rest_framework\views.py", line 480, in raise_uncaught_exception
    raise exc
  File "A:\graduation\files\BackendV4\venv\Lib\site-packages\rest_framework\views.py", line 506, in dispatch
    response = handler(request, *args, **kwargs)
               ^^^^^^^^^^^^^^^^^^^^^^^^^^^^^^^^^
  File "A:\graduation\files\BackendV4\venv\Lib\site-packages\rest_framework\generics.py", line 194, in post
    return self.create(request, *args, **kwargs)
           ^^^^^^^^^^^^^^^^^^^^^^^^^^^^^^^^^^^^^
  File "A:\graduation\files\BackendV4\venv\Lib\site-packages\rest_framework\mixins.py", line 19, in create
    self.perform_create(serializer)
  File "A:\graduation\files\BackendV4\venv\Lib\site-packages\rest_framework\mixins.py", line 24, in perform_create
    serializer.save()
  File "A:\graduation\files\BackendV4\venv\Lib\site-packages\rest_framework\serializers.py", line 208, in save
    self.instance = self.create(validated_data)
                    ^^^^^^^^^^^^^^^^^^^^^^^^^^^
  File "A:\graduation\files\BackendV4\apps\accounts\serializers.py", line 148, in create
    user = User(
           ^^^^^
  File "A:\graduation\files\BackendV4\venv\Lib\site-packages\django\db\models\base.py", line 567, in __init__
    raise TypeError(
TypeError: User() got unexpected keyword arguments: 'role'
WARNING 2025-10-31 19:04:50,193 log Method Not Allowed: /api/v1/accounts/register/patient/
WARNING 2025-10-31 19:04:50,514 log Not Found: /api/v1/accounts/register/patient/logo.png
WARNING 2025-10-31 19:06:22,656 log Forbidden: /api/v1/accounts/register/student/
WARNING 2025-10-31 19:06:23,304 log Not Found: /api/v1/accounts/register/student/logo.png
INFO 2025-10-31 19:31:06,032 autoreload A:\graduation\files\BackendV4\apps\accounts\models.py changed, reloading.
INFO 2025-10-31 19:31:10,116 autoreload Watching for file changes with StatReloader
INFO 2025-10-31 19:31:43,451 autoreload A:\graduation\files\BackendV4\apps\accounts\serializers.py changed, reloading.
INFO 2025-10-31 19:31:47,224 autoreload Watching for file changes with StatReloader
INFO 2025-10-31 19:32:01,714 autoreload A:\graduation\files\BackendV4\apps\accounts\views.py changed, reloading.
INFO 2025-10-31 19:32:04,241 autoreload Watching for file changes with StatReloader
INFO 2025-10-31 20:14:44,953 autoreload Watching for file changes with StatReloader
WARNING 2025-10-31 20:14:51,358 log Method Not Allowed: /api/v1/accounts/register/patient/
WARNING 2025-10-31 20:14:51,872 log Not Found: /api/v1/accounts/register/patient/logo.png
WARNING 2025-10-31 20:15:05,264 log Bad Request: /api/v1/accounts/register/patient/
WARNING 2025-10-31 20:17:14,222 log Forbidden: /api/v1/accounts/register/student/
WARNING 2025-10-31 20:17:16,153 log Not Found: /api/v1/accounts/register/student/logo.png
INFO 2025-10-31 20:28:11,347 autoreload A:\graduation\files\BackendV4\apps\accounts\models.py changed, reloading.
INFO 2025-10-31 20:28:16,726 autoreload Watching for file changes with StatReloader
INFO 2025-10-31 20:28:26,292 autoreload A:\graduation\files\BackendV4\apps\accounts\serializers.py changed, reloading.
INFO 2025-10-31 20:28:28,250 autoreload Watching for file changes with StatReloader
INFO 2025-10-31 20:28:39,242 autoreload A:\graduation\files\BackendV4\apps\accounts\views.py changed, reloading.
INFO 2025-10-31 20:28:41,230 autoreload Watching for file changes with StatReloader
INFO 2025-10-31 21:52:39,234 autoreload Watching for file changes with StatReloader
INFO 2025-10-31 22:13:05,123 autoreload Watching for file changes with StatReloader
WARNING 2025-10-31 22:13:14,091 log Method Not Allowed: /api/v1/accounts/register/patient/
WARNING 2025-10-31 22:13:14,770 log Not Found: /api/v1/accounts/register/patient/logo.png
WARNING 2025-10-31 22:14:03,163 log Bad Request: /api/v1/accounts/register/patient/
ERROR 2025-10-31 22:14:23,507 log Internal Server Error: /api/v1/accounts/register/patient/
Traceback (most recent call last):
  File "A:\graduation\files\BackendV4\venv\Lib\site-packages\django\core\handlers\exception.py", line 55, in inner
    response = get_response(request)
               ^^^^^^^^^^^^^^^^^^^^^
  File "A:\graduation\files\BackendV4\venv\Lib\site-packages\django\core\handlers\base.py", line 197, in _get_response
    response = wrapped_callback(request, *callback_args, **callback_kwargs)
               ^^^^^^^^^^^^^^^^^^^^^^^^^^^^^^^^^^^^^^^^^^^^^^^^^^^^^^^^^^^^
  File "A:\graduation\files\BackendV4\venv\Lib\site-packages\django\views\decorators\csrf.py", line 65, in _view_wrapper
    return view_func(request, *args, **kwargs)
           ^^^^^^^^^^^^^^^^^^^^^^^^^^^^^^^^^^^
  File "A:\graduation\files\BackendV4\venv\Lib\site-packages\django\views\generic\base.py", line 104, in view
    return self.dispatch(request, *args, **kwargs)
           ^^^^^^^^^^^^^^^^^^^^^^^^^^^^^^^^^^^^^^^
  File "A:\graduation\files\BackendV4\venv\Lib\site-packages\rest_framework\views.py", line 509, in dispatch
    response = self.handle_exception(exc)
               ^^^^^^^^^^^^^^^^^^^^^^^^^^
  File "A:\graduation\files\BackendV4\venv\Lib\site-packages\rest_framework\views.py", line 469, in handle_exception
    self.raise_uncaught_exception(exc)
  File "A:\graduation\files\BackendV4\venv\Lib\site-packages\rest_framework\views.py", line 480, in raise_uncaught_exception
    raise exc
  File "A:\graduation\files\BackendV4\venv\Lib\site-packages\rest_framework\views.py", line 506, in dispatch
    response = handler(request, *args, **kwargs)
               ^^^^^^^^^^^^^^^^^^^^^^^^^^^^^^^^^
  File "A:\graduation\files\BackendV4\venv\Lib\site-packages\rest_framework\generics.py", line 194, in post
    return self.create(request, *args, **kwargs)
           ^^^^^^^^^^^^^^^^^^^^^^^^^^^^^^^^^^^^^
  File "A:\graduation\files\BackendV4\venv\Lib\site-packages\rest_framework\mixins.py", line 19, in create
    self.perform_create(serializer)
  File "A:\graduation\files\BackendV4\venv\Lib\site-packages\rest_framework\mixins.py", line 24, in perform_create
    serializer.save()
  File "A:\graduation\files\BackendV4\venv\Lib\site-packages\rest_framework\serializers.py", line 208, in save
    self.instance = self.create(validated_data)
                    ^^^^^^^^^^^^^^^^^^^^^^^^^^^
  File "A:\graduation\files\BackendV4\apps\accounts\serializers.py", line 99, in create
    PatientProfile.objects.create(user=user)
  File "A:\graduation\files\BackendV4\venv\Lib\site-packages\django\db\models\manager.py", line 87, in manager_method
    return getattr(self.get_queryset(), name)(*args, **kwargs)
           ^^^^^^^^^^^^^^^^^^^^^^^^^^^^^^^^^^^^^^^^^^^^^^^^^^^
  File "A:\graduation\files\BackendV4\venv\Lib\site-packages\django\db\models\query.py", line 677, in create
    obj = self.model(**kwargs)
          ^^^^^^^^^^^^^^^^^^^^
  File "A:\graduation\files\BackendV4\venv\Lib\site-packages\django\db\models\base.py", line 543, in __init__
    _setattr(self, field.name, rel_obj)
  File "A:\graduation\files\BackendV4\venv\Lib\site-packages\django\db\models\fields\related_descriptors.py", line 387, in __set__
    super().__set__(instance, value)
  File "A:\graduation\files\BackendV4\venv\Lib\site-packages\django\db\models\fields\related_descriptors.py", line 284, in __set__
    raise ValueError(
ValueError: Cannot assign "<User: patient12>": "PatientProfile.user" must be a "User" instance.
INFO 2025-10-31 22:17:53,856 autoreload A:\graduation\files\BackendV4\apps\accounts\models.py changed, reloading.
INFO 2025-10-31 22:17:55,889 autoreload Watching for file changes with StatReloader
INFO 2025-10-31 22:17:58,738 autoreload A:\graduation\files\BackendV4\apps\accounts\models.py changed, reloading.
INFO 2025-10-31 22:17:59,899 autoreload Watching for file changes with StatReloader
INFO 2025-10-31 22:18:09,995 autoreload A:\graduation\files\BackendV4\apps\accounts\models.py changed, reloading.
INFO 2025-10-31 22:18:10,944 autoreload Watching for file changes with StatReloader
WARNING 2025-10-31 22:18:16,096 log Method Not Allowed: /api/v1/accounts/register/patient/
WARNING 2025-10-31 22:18:16,461 log Not Found: /api/v1/accounts/register/patient/logo.png
INFO 2025-10-31 22:20:06,539 autoreload Watching for file changes with StatReloader
ERROR 2025-10-31 22:21:59,483 log Internal Server Error: /api/v1/accounts/register/patient/
Traceback (most recent call last):
  File "A:\graduation\files\BackendV4\venv\Lib\site-packages\django\db\backends\base\base.py", line 275, in ensure_connection
    self.connect()
  File "A:\graduation\files\BackendV4\venv\Lib\site-packages\django\utils\asyncio.py", line 26, in inner
    return func(*args, **kwargs)
           ^^^^^^^^^^^^^^^^^^^^^
  File "A:\graduation\files\BackendV4\venv\Lib\site-packages\django\db\backends\base\base.py", line 256, in connect
    self.connection = self.get_new_connection(conn_params)
                      ^^^^^^^^^^^^^^^^^^^^^^^^^^^^^^^^^^^^
  File "A:\graduation\files\BackendV4\venv\Lib\site-packages\django\utils\asyncio.py", line 26, in inner
    return func(*args, **kwargs)
           ^^^^^^^^^^^^^^^^^^^^^
  File "A:\graduation\files\BackendV4\venv\Lib\site-packages\django\db\backends\postgresql\base.py", line 277, in get_new_connection
    connection = self.Database.connect(**conn_params)
                 ^^^^^^^^^^^^^^^^^^^^^^^^^^^^^^^^^^^^
  File "A:\graduation\files\BackendV4\venv\Lib\site-packages\psycopg2\__init__.py", line 122, in connect
    conn = _connect(dsn, connection_factory=connection_factory, **kwasync)
           ^^^^^^^^^^^^^^^^^^^^^^^^^^^^^^^^^^^^^^^^^^^^^^^^^^^^^^^^^^^^^^^
psycopg2.OperationalError: connection to server at "localhost" (127.0.0.1), port 5555 failed: server closed the connection unexpectedly
	This probably means the server terminated abnormally
	before or while processing the request.


The above exception was the direct cause of the following exception:

Traceback (most recent call last):
  File "A:\graduation\files\BackendV4\venv\Lib\site-packages\django\core\handlers\exception.py", line 55, in inner
    response = get_response(request)
               ^^^^^^^^^^^^^^^^^^^^^
  File "A:\graduation\files\BackendV4\venv\Lib\site-packages\django\core\handlers\base.py", line 197, in _get_response
    response = wrapped_callback(request, *callback_args, **callback_kwargs)
               ^^^^^^^^^^^^^^^^^^^^^^^^^^^^^^^^^^^^^^^^^^^^^^^^^^^^^^^^^^^^
  File "A:\graduation\files\BackendV4\venv\Lib\site-packages\django\views\decorators\csrf.py", line 65, in _view_wrapper
    return view_func(request, *args, **kwargs)
           ^^^^^^^^^^^^^^^^^^^^^^^^^^^^^^^^^^^
  File "A:\graduation\files\BackendV4\venv\Lib\site-packages\django\views\generic\base.py", line 104, in view
    return self.dispatch(request, *args, **kwargs)
           ^^^^^^^^^^^^^^^^^^^^^^^^^^^^^^^^^^^^^^^
  File "A:\graduation\files\BackendV4\venv\Lib\site-packages\rest_framework\views.py", line 509, in dispatch
    response = self.handle_exception(exc)
               ^^^^^^^^^^^^^^^^^^^^^^^^^^
  File "A:\graduation\files\BackendV4\venv\Lib\site-packages\rest_framework\views.py", line 469, in handle_exception
    self.raise_uncaught_exception(exc)
  File "A:\graduation\files\BackendV4\venv\Lib\site-packages\rest_framework\views.py", line 480, in raise_uncaught_exception
    raise exc
  File "A:\graduation\files\BackendV4\venv\Lib\site-packages\rest_framework\views.py", line 506, in dispatch
    response = handler(request, *args, **kwargs)
               ^^^^^^^^^^^^^^^^^^^^^^^^^^^^^^^^^
  File "A:\graduation\files\BackendV4\venv\Lib\site-packages\rest_framework\generics.py", line 194, in post
    return self.create(request, *args, **kwargs)
           ^^^^^^^^^^^^^^^^^^^^^^^^^^^^^^^^^^^^^
  File "A:\graduation\files\BackendV4\venv\Lib\site-packages\rest_framework\mixins.py", line 18, in create
    serializer.is_valid(raise_exception=True)
  File "A:\graduation\files\BackendV4\venv\Lib\site-packages\rest_framework\serializers.py", line 223, in is_valid
    self._validated_data = self.run_validation(self.initial_data)
                           ^^^^^^^^^^^^^^^^^^^^^^^^^^^^^^^^^^^^^^
  File "A:\graduation\files\BackendV4\venv\Lib\site-packages\rest_framework\serializers.py", line 442, in run_validation
    value = self.to_internal_value(data)
            ^^^^^^^^^^^^^^^^^^^^^^^^^^^^
  File "A:\graduation\files\BackendV4\venv\Lib\site-packages\rest_framework\serializers.py", line 499, in to_internal_value
    validated_value = field.run_validation(primitive_value)
                      ^^^^^^^^^^^^^^^^^^^^^^^^^^^^^^^^^^^^^
  File "A:\graduation\files\BackendV4\venv\Lib\site-packages\rest_framework\fields.py", line 757, in run_validation
    return super().run_validation(data)
           ^^^^^^^^^^^^^^^^^^^^^^^^^^^^
  File "A:\graduation\files\BackendV4\venv\Lib\site-packages\rest_framework\fields.py", line 539, in run_validation
    self.run_validators(value)
  File "A:\graduation\files\BackendV4\venv\Lib\site-packages\rest_framework\fields.py", line 551, in run_validators
    validator(value, self)
  File "A:\graduation\files\BackendV4\venv\Lib\site-packages\rest_framework\validators.py", line 73, in __call__
    if qs_exists(queryset):
       ^^^^^^^^^^^^^^^^^^^
  File "A:\graduation\files\BackendV4\venv\Lib\site-packages\rest_framework\validators.py", line 21, in qs_exists
    return queryset.exists()
           ^^^^^^^^^^^^^^^^^
  File "A:\graduation\files\BackendV4\venv\Lib\site-packages\django\db\models\query.py", line 1288, in exists
    return self.query.has_results(using=self.db)
           ^^^^^^^^^^^^^^^^^^^^^^^^^^^^^^^^^^^^^
  File "A:\graduation\files\BackendV4\venv\Lib\site-packages\django\db\models\sql\query.py", line 659, in has_results
    return compiler.has_results()
           ^^^^^^^^^^^^^^^^^^^^^^
  File "A:\graduation\files\BackendV4\venv\Lib\site-packages\django\db\models\sql\compiler.py", line 1530, in has_results
    return bool(self.execute_sql(SINGLE))
                ^^^^^^^^^^^^^^^^^^^^^^^^
  File "A:\graduation\files\BackendV4\venv\Lib\site-packages\django\db\models\sql\compiler.py", line 1560, in execute_sql
    cursor = self.connection.cursor()
             ^^^^^^^^^^^^^^^^^^^^^^^^
  File "A:\graduation\files\BackendV4\venv\Lib\site-packages\django\utils\asyncio.py", line 26, in inner
    return func(*args, **kwargs)
           ^^^^^^^^^^^^^^^^^^^^^
  File "A:\graduation\files\BackendV4\venv\Lib\site-packages\django\db\backends\base\base.py", line 316, in cursor
    return self._cursor()
           ^^^^^^^^^^^^^^
  File "A:\graduation\files\BackendV4\venv\Lib\site-packages\django\db\backends\base\base.py", line 292, in _cursor
    self.ensure_connection()
  File "A:\graduation\files\BackendV4\venv\Lib\site-packages\django\utils\asyncio.py", line 26, in inner
    return func(*args, **kwargs)
           ^^^^^^^^^^^^^^^^^^^^^
  File "A:\graduation\files\BackendV4\venv\Lib\site-packages\django\db\backends\base\base.py", line 274, in ensure_connection
    with self.wrap_database_errors:
  File "A:\graduation\files\BackendV4\venv\Lib\site-packages\django\db\utils.py", line 91, in __exit__
    raise dj_exc_value.with_traceback(traceback) from exc_value
  File "A:\graduation\files\BackendV4\venv\Lib\site-packages\django\db\backends\base\base.py", line 275, in ensure_connection
    self.connect()
  File "A:\graduation\files\BackendV4\venv\Lib\site-packages\django\utils\asyncio.py", line 26, in inner
    return func(*args, **kwargs)
           ^^^^^^^^^^^^^^^^^^^^^
  File "A:\graduation\files\BackendV4\venv\Lib\site-packages\django\db\backends\base\base.py", line 256, in connect
    self.connection = self.get_new_connection(conn_params)
                      ^^^^^^^^^^^^^^^^^^^^^^^^^^^^^^^^^^^^
  File "A:\graduation\files\BackendV4\venv\Lib\site-packages\django\utils\asyncio.py", line 26, in inner
    return func(*args, **kwargs)
           ^^^^^^^^^^^^^^^^^^^^^
  File "A:\graduation\files\BackendV4\venv\Lib\site-packages\django\db\backends\postgresql\base.py", line 277, in get_new_connection
    connection = self.Database.connect(**conn_params)
                 ^^^^^^^^^^^^^^^^^^^^^^^^^^^^^^^^^^^^
  File "A:\graduation\files\BackendV4\venv\Lib\site-packages\psycopg2\__init__.py", line 122, in connect
    conn = _connect(dsn, connection_factory=connection_factory, **kwasync)
           ^^^^^^^^^^^^^^^^^^^^^^^^^^^^^^^^^^^^^^^^^^^^^^^^^^^^^^^^^^^^^^^
django.db.utils.OperationalError: connection to server at "localhost" (127.0.0.1), port 5555 failed: server closed the connection unexpectedly
	This probably means the server terminated abnormally
	before or while processing the request.

WARNING 2025-10-31 22:22:45,443 log Method Not Allowed: /api/v1/accounts/register/patient/
WARNING 2025-10-31 22:22:45,746 log Not Found: /api/v1/accounts/register/patient/logo.png
WARNING 2025-10-31 22:23:38,405 log Bad Request: /api/v1/accounts/register/patient/
WARNING 2025-10-31 22:23:49,686 log Bad Request: /api/v1/accounts/register/patient/
ERROR 2025-10-31 22:24:01,778 log Internal Server Error: /api/v1/accounts/register/patient/
Traceback (most recent call last):
  File "A:\graduation\files\BackendV4\venv\Lib\site-packages\django\db\backends\utils.py", line 105, in _execute
    return self.cursor.execute(sql, params)
           ^^^^^^^^^^^^^^^^^^^^^^^^^^^^^^^^
psycopg2.errors.DatatypeMismatch: column "user_id" is of type uuid but expression is of type integer
LINE 1: ...contact_name", "emergency_contact_phone") VALUES (4, NULL, N...
                                                             ^
HINT:  You will need to rewrite or cast the expression.


The above exception was the direct cause of the following exception:

Traceback (most recent call last):
  File "A:\graduation\files\BackendV4\venv\Lib\site-packages\django\core\handlers\exception.py", line 55, in inner
    response = get_response(request)
               ^^^^^^^^^^^^^^^^^^^^^
  File "A:\graduation\files\BackendV4\venv\Lib\site-packages\django\core\handlers\base.py", line 197, in _get_response
    response = wrapped_callback(request, *callback_args, **callback_kwargs)
               ^^^^^^^^^^^^^^^^^^^^^^^^^^^^^^^^^^^^^^^^^^^^^^^^^^^^^^^^^^^^
  File "A:\graduation\files\BackendV4\venv\Lib\site-packages\django\views\decorators\csrf.py", line 65, in _view_wrapper
    return view_func(request, *args, **kwargs)
           ^^^^^^^^^^^^^^^^^^^^^^^^^^^^^^^^^^^
  File "A:\graduation\files\BackendV4\venv\Lib\site-packages\django\views\generic\base.py", line 104, in view
    return self.dispatch(request, *args, **kwargs)
           ^^^^^^^^^^^^^^^^^^^^^^^^^^^^^^^^^^^^^^^
  File "A:\graduation\files\BackendV4\venv\Lib\site-packages\rest_framework\views.py", line 509, in dispatch
    response = self.handle_exception(exc)
               ^^^^^^^^^^^^^^^^^^^^^^^^^^
  File "A:\graduation\files\BackendV4\venv\Lib\site-packages\rest_framework\views.py", line 469, in handle_exception
    self.raise_uncaught_exception(exc)
  File "A:\graduation\files\BackendV4\venv\Lib\site-packages\rest_framework\views.py", line 480, in raise_uncaught_exception
    raise exc
  File "A:\graduation\files\BackendV4\venv\Lib\site-packages\rest_framework\views.py", line 506, in dispatch
    response = handler(request, *args, **kwargs)
               ^^^^^^^^^^^^^^^^^^^^^^^^^^^^^^^^^
  File "A:\graduation\files\BackendV4\venv\Lib\site-packages\rest_framework\generics.py", line 194, in post
    return self.create(request, *args, **kwargs)
           ^^^^^^^^^^^^^^^^^^^^^^^^^^^^^^^^^^^^^
  File "A:\graduation\files\BackendV4\venv\Lib\site-packages\rest_framework\mixins.py", line 19, in create
    self.perform_create(serializer)
  File "A:\graduation\files\BackendV4\venv\Lib\site-packages\rest_framework\mixins.py", line 24, in perform_create
    serializer.save()
  File "A:\graduation\files\BackendV4\venv\Lib\site-packages\rest_framework\serializers.py", line 208, in save
    self.instance = self.create(validated_data)
                    ^^^^^^^^^^^^^^^^^^^^^^^^^^^
  File "A:\graduation\files\BackendV4\apps\accounts\serializers.py", line 99, in create
    PatientProfile.objects.create(user=user)
  File "A:\graduation\files\BackendV4\venv\Lib\site-packages\django\db\models\manager.py", line 87, in manager_method
    return getattr(self.get_queryset(), name)(*args, **kwargs)
           ^^^^^^^^^^^^^^^^^^^^^^^^^^^^^^^^^^^^^^^^^^^^^^^^^^^
  File "A:\graduation\files\BackendV4\venv\Lib\site-packages\django\db\models\query.py", line 679, in create
    obj.save(force_insert=True, using=self.db)
  File "A:\graduation\files\BackendV4\venv\Lib\site-packages\django\db\models\base.py", line 822, in save
    self.save_base(
  File "A:\graduation\files\BackendV4\venv\Lib\site-packages\django\db\models\base.py", line 909, in save_base
    updated = self._save_table(
              ^^^^^^^^^^^^^^^^^
  File "A:\graduation\files\BackendV4\venv\Lib\site-packages\django\db\models\base.py", line 1067, in _save_table
    results = self._do_insert(
              ^^^^^^^^^^^^^^^^
  File "A:\graduation\files\BackendV4\venv\Lib\site-packages\django\db\models\base.py", line 1108, in _do_insert
    return manager._insert(
           ^^^^^^^^^^^^^^^^
  File "A:\graduation\files\BackendV4\venv\Lib\site-packages\django\db\models\manager.py", line 87, in manager_method
    return getattr(self.get_queryset(), name)(*args, **kwargs)
           ^^^^^^^^^^^^^^^^^^^^^^^^^^^^^^^^^^^^^^^^^^^^^^^^^^^
  File "A:\graduation\files\BackendV4\venv\Lib\site-packages\django\db\models\query.py", line 1847, in _insert
    return query.get_compiler(using=using).execute_sql(returning_fields)
           ^^^^^^^^^^^^^^^^^^^^^^^^^^^^^^^^^^^^^^^^^^^^^^^^^^^^^^^^^^^^^
  File "A:\graduation\files\BackendV4\venv\Lib\site-packages\django\db\models\sql\compiler.py", line 1823, in execute_sql
    cursor.execute(sql, params)
  File "A:\graduation\files\BackendV4\venv\Lib\site-packages\django\db\backends\utils.py", line 122, in execute
    return super().execute(sql, params)
           ^^^^^^^^^^^^^^^^^^^^^^^^^^^^
  File "A:\graduation\files\BackendV4\venv\Lib\site-packages\django\db\backends\utils.py", line 79, in execute
    return self._execute_with_wrappers(
           ^^^^^^^^^^^^^^^^^^^^^^^^^^^^
  File "A:\graduation\files\BackendV4\venv\Lib\site-packages\django\db\backends\utils.py", line 92, in _execute_with_wrappers
    return executor(sql, params, many, context)
           ^^^^^^^^^^^^^^^^^^^^^^^^^^^^^^^^^^^^
  File "A:\graduation\files\BackendV4\venv\Lib\site-packages\django\db\backends\utils.py", line 100, in _execute
    with self.db.wrap_database_errors:
  File "A:\graduation\files\BackendV4\venv\Lib\site-packages\django\db\utils.py", line 91, in __exit__
    raise dj_exc_value.with_traceback(traceback) from exc_value
  File "A:\graduation\files\BackendV4\venv\Lib\site-packages\django\db\backends\utils.py", line 105, in _execute
    return self.cursor.execute(sql, params)
           ^^^^^^^^^^^^^^^^^^^^^^^^^^^^^^^^
django.db.utils.ProgrammingError: column "user_id" is of type uuid but expression is of type integer
LINE 1: ...contact_name", "emergency_contact_phone") VALUES (4, NULL, N...
                                                             ^
HINT:  You will need to rewrite or cast the expression.

WARNING 2025-10-31 22:30:44,396 log Method Not Allowed: /api/v1/accounts/register/patient/
WARNING 2025-10-31 22:30:44,670 log Not Found: /api/v1/accounts/register/patient/logo.png
INFO 2025-10-31 22:33:56,904 autoreload Watching for file changes with StatReloader
WARNING 2025-10-31 22:33:58,830 log Method Not Allowed: /api/v1/accounts/register/patient/
WARNING 2025-10-31 22:33:59,215 log Not Found: /api/v1/accounts/register/patient/logo.png
ERROR 2025-10-31 22:34:08,714 log Internal Server Error: /api/v1/accounts/register/patient/
Traceback (most recent call last):
  File "A:\graduation\files\BackendV4\venv\Lib\site-packages\django\db\backends\utils.py", line 105, in _execute
    return self.cursor.execute(sql, params)
           ^^^^^^^^^^^^^^^^^^^^^^^^^^^^^^^^
psycopg2.errors.DatatypeMismatch: column "user_id" is of type uuid but expression is of type integer
LINE 1: ...contact_name", "emergency_contact_phone") VALUES (5, NULL, N...
                                                             ^
HINT:  You will need to rewrite or cast the expression.


The above exception was the direct cause of the following exception:

Traceback (most recent call last):
  File "A:\graduation\files\BackendV4\venv\Lib\site-packages\django\core\handlers\exception.py", line 55, in inner
    response = get_response(request)
               ^^^^^^^^^^^^^^^^^^^^^
  File "A:\graduation\files\BackendV4\venv\Lib\site-packages\django\core\handlers\base.py", line 197, in _get_response
    response = wrapped_callback(request, *callback_args, **callback_kwargs)
               ^^^^^^^^^^^^^^^^^^^^^^^^^^^^^^^^^^^^^^^^^^^^^^^^^^^^^^^^^^^^
  File "A:\graduation\files\BackendV4\venv\Lib\site-packages\django\views\decorators\csrf.py", line 65, in _view_wrapper
    return view_func(request, *args, **kwargs)
           ^^^^^^^^^^^^^^^^^^^^^^^^^^^^^^^^^^^
  File "A:\graduation\files\BackendV4\venv\Lib\site-packages\django\views\generic\base.py", line 104, in view
    return self.dispatch(request, *args, **kwargs)
           ^^^^^^^^^^^^^^^^^^^^^^^^^^^^^^^^^^^^^^^
  File "A:\graduation\files\BackendV4\venv\Lib\site-packages\rest_framework\views.py", line 509, in dispatch
    response = self.handle_exception(exc)
               ^^^^^^^^^^^^^^^^^^^^^^^^^^
  File "A:\graduation\files\BackendV4\venv\Lib\site-packages\rest_framework\views.py", line 469, in handle_exception
    self.raise_uncaught_exception(exc)
  File "A:\graduation\files\BackendV4\venv\Lib\site-packages\rest_framework\views.py", line 480, in raise_uncaught_exception
    raise exc
  File "A:\graduation\files\BackendV4\venv\Lib\site-packages\rest_framework\views.py", line 506, in dispatch
    response = handler(request, *args, **kwargs)
               ^^^^^^^^^^^^^^^^^^^^^^^^^^^^^^^^^
  File "A:\graduation\files\BackendV4\venv\Lib\site-packages\rest_framework\generics.py", line 194, in post
    return self.create(request, *args, **kwargs)
           ^^^^^^^^^^^^^^^^^^^^^^^^^^^^^^^^^^^^^
  File "A:\graduation\files\BackendV4\venv\Lib\site-packages\rest_framework\mixins.py", line 19, in create
    self.perform_create(serializer)
  File "A:\graduation\files\BackendV4\venv\Lib\site-packages\rest_framework\mixins.py", line 24, in perform_create
    serializer.save()
  File "A:\graduation\files\BackendV4\venv\Lib\site-packages\rest_framework\serializers.py", line 208, in save
    self.instance = self.create(validated_data)
                    ^^^^^^^^^^^^^^^^^^^^^^^^^^^
  File "A:\graduation\files\BackendV4\apps\accounts\serializers.py", line 99, in create
    PatientProfile.objects.create(user=user)
  File "A:\graduation\files\BackendV4\venv\Lib\site-packages\django\db\models\manager.py", line 87, in manager_method
    return getattr(self.get_queryset(), name)(*args, **kwargs)
           ^^^^^^^^^^^^^^^^^^^^^^^^^^^^^^^^^^^^^^^^^^^^^^^^^^^
  File "A:\graduation\files\BackendV4\venv\Lib\site-packages\django\db\models\query.py", line 679, in create
    obj.save(force_insert=True, using=self.db)
  File "A:\graduation\files\BackendV4\venv\Lib\site-packages\django\db\models\base.py", line 822, in save
    self.save_base(
  File "A:\graduation\files\BackendV4\venv\Lib\site-packages\django\db\models\base.py", line 909, in save_base
    updated = self._save_table(
              ^^^^^^^^^^^^^^^^^
  File "A:\graduation\files\BackendV4\venv\Lib\site-packages\django\db\models\base.py", line 1067, in _save_table
    results = self._do_insert(
              ^^^^^^^^^^^^^^^^
  File "A:\graduation\files\BackendV4\venv\Lib\site-packages\django\db\models\base.py", line 1108, in _do_insert
    return manager._insert(
           ^^^^^^^^^^^^^^^^
  File "A:\graduation\files\BackendV4\venv\Lib\site-packages\django\db\models\manager.py", line 87, in manager_method
    return getattr(self.get_queryset(), name)(*args, **kwargs)
           ^^^^^^^^^^^^^^^^^^^^^^^^^^^^^^^^^^^^^^^^^^^^^^^^^^^
  File "A:\graduation\files\BackendV4\venv\Lib\site-packages\django\db\models\query.py", line 1847, in _insert
    return query.get_compiler(using=using).execute_sql(returning_fields)
           ^^^^^^^^^^^^^^^^^^^^^^^^^^^^^^^^^^^^^^^^^^^^^^^^^^^^^^^^^^^^^
  File "A:\graduation\files\BackendV4\venv\Lib\site-packages\django\db\models\sql\compiler.py", line 1823, in execute_sql
    cursor.execute(sql, params)
  File "A:\graduation\files\BackendV4\venv\Lib\site-packages\django\db\backends\utils.py", line 122, in execute
    return super().execute(sql, params)
           ^^^^^^^^^^^^^^^^^^^^^^^^^^^^
  File "A:\graduation\files\BackendV4\venv\Lib\site-packages\django\db\backends\utils.py", line 79, in execute
    return self._execute_with_wrappers(
           ^^^^^^^^^^^^^^^^^^^^^^^^^^^^
  File "A:\graduation\files\BackendV4\venv\Lib\site-packages\django\db\backends\utils.py", line 92, in _execute_with_wrappers
    return executor(sql, params, many, context)
           ^^^^^^^^^^^^^^^^^^^^^^^^^^^^^^^^^^^^
  File "A:\graduation\files\BackendV4\venv\Lib\site-packages\django\db\backends\utils.py", line 100, in _execute
    with self.db.wrap_database_errors:
  File "A:\graduation\files\BackendV4\venv\Lib\site-packages\django\db\utils.py", line 91, in __exit__
    raise dj_exc_value.with_traceback(traceback) from exc_value
  File "A:\graduation\files\BackendV4\venv\Lib\site-packages\django\db\backends\utils.py", line 105, in _execute
    return self.cursor.execute(sql, params)
           ^^^^^^^^^^^^^^^^^^^^^^^^^^^^^^^^
django.db.utils.ProgrammingError: column "user_id" is of type uuid but expression is of type integer
LINE 1: ...contact_name", "emergency_contact_phone") VALUES (5, NULL, N...
                                                             ^
HINT:  You will need to rewrite or cast the expression.

WARNING 2025-10-31 22:34:45,054 log Method Not Allowed: /api/v1/accounts/register/student/
WARNING 2025-10-31 22:34:45,336 log Not Found: /api/v1/accounts/register/student/logo.png
ERROR 2025-10-31 22:35:06,062 log Internal Server Error: /api/v1/accounts/register/student/
Traceback (most recent call last):
  File "A:\graduation\files\BackendV4\venv\Lib\site-packages\django\db\backends\utils.py", line 105, in _execute
    return self.cursor.execute(sql, params)
           ^^^^^^^^^^^^^^^^^^^^^^^^^^^^^^^^
psycopg2.errors.DatatypeMismatch: column "user_id" is of type uuid but expression is of type integer
LINE 1: ...t_id", "year_of_study", "specialization") VALUES (6, NULL, N...
                                                             ^
HINT:  You will need to rewrite or cast the expression.


The above exception was the direct cause of the following exception:

Traceback (most recent call last):
  File "A:\graduation\files\BackendV4\venv\Lib\site-packages\django\core\handlers\exception.py", line 55, in inner
    response = get_response(request)
               ^^^^^^^^^^^^^^^^^^^^^
  File "A:\graduation\files\BackendV4\venv\Lib\site-packages\django\core\handlers\base.py", line 197, in _get_response
    response = wrapped_callback(request, *callback_args, **callback_kwargs)
               ^^^^^^^^^^^^^^^^^^^^^^^^^^^^^^^^^^^^^^^^^^^^^^^^^^^^^^^^^^^^
  File "A:\graduation\files\BackendV4\venv\Lib\site-packages\django\views\decorators\csrf.py", line 65, in _view_wrapper
    return view_func(request, *args, **kwargs)
           ^^^^^^^^^^^^^^^^^^^^^^^^^^^^^^^^^^^
  File "A:\graduation\files\BackendV4\venv\Lib\site-packages\django\views\generic\base.py", line 104, in view
    return self.dispatch(request, *args, **kwargs)
           ^^^^^^^^^^^^^^^^^^^^^^^^^^^^^^^^^^^^^^^
  File "A:\graduation\files\BackendV4\venv\Lib\site-packages\rest_framework\views.py", line 509, in dispatch
    response = self.handle_exception(exc)
               ^^^^^^^^^^^^^^^^^^^^^^^^^^
  File "A:\graduation\files\BackendV4\venv\Lib\site-packages\rest_framework\views.py", line 469, in handle_exception
    self.raise_uncaught_exception(exc)
  File "A:\graduation\files\BackendV4\venv\Lib\site-packages\rest_framework\views.py", line 480, in raise_uncaught_exception
    raise exc
  File "A:\graduation\files\BackendV4\venv\Lib\site-packages\rest_framework\views.py", line 506, in dispatch
    response = handler(request, *args, **kwargs)
               ^^^^^^^^^^^^^^^^^^^^^^^^^^^^^^^^^
  File "A:\graduation\files\BackendV4\venv\Lib\site-packages\rest_framework\generics.py", line 194, in post
    return self.create(request, *args, **kwargs)
           ^^^^^^^^^^^^^^^^^^^^^^^^^^^^^^^^^^^^^
  File "A:\graduation\files\BackendV4\venv\Lib\site-packages\rest_framework\mixins.py", line 19, in create
    self.perform_create(serializer)
  File "A:\graduation\files\BackendV4\venv\Lib\site-packages\rest_framework\mixins.py", line 24, in perform_create
    serializer.save()
  File "A:\graduation\files\BackendV4\venv\Lib\site-packages\rest_framework\serializers.py", line 208, in save
    self.instance = self.create(validated_data)
                    ^^^^^^^^^^^^^^^^^^^^^^^^^^^
  File "A:\graduation\files\BackendV4\apps\accounts\serializers.py", line 143, in create
    StudentProfile.objects.create(
  File "A:\graduation\files\BackendV4\venv\Lib\site-packages\django\db\models\manager.py", line 87, in manager_method
    return getattr(self.get_queryset(), name)(*args, **kwargs)
           ^^^^^^^^^^^^^^^^^^^^^^^^^^^^^^^^^^^^^^^^^^^^^^^^^^^
  File "A:\graduation\files\BackendV4\venv\Lib\site-packages\django\db\models\query.py", line 679, in create
    obj.save(force_insert=True, using=self.db)
  File "A:\graduation\files\BackendV4\venv\Lib\site-packages\django\db\models\base.py", line 822, in save
    self.save_base(
  File "A:\graduation\files\BackendV4\venv\Lib\site-packages\django\db\models\base.py", line 909, in save_base
    updated = self._save_table(
              ^^^^^^^^^^^^^^^^^
  File "A:\graduation\files\BackendV4\venv\Lib\site-packages\django\db\models\base.py", line 1067, in _save_table
    results = self._do_insert(
              ^^^^^^^^^^^^^^^^
  File "A:\graduation\files\BackendV4\venv\Lib\site-packages\django\db\models\base.py", line 1108, in _do_insert
    return manager._insert(
           ^^^^^^^^^^^^^^^^
  File "A:\graduation\files\BackendV4\venv\Lib\site-packages\django\db\models\manager.py", line 87, in manager_method
    return getattr(self.get_queryset(), name)(*args, **kwargs)
           ^^^^^^^^^^^^^^^^^^^^^^^^^^^^^^^^^^^^^^^^^^^^^^^^^^^
  File "A:\graduation\files\BackendV4\venv\Lib\site-packages\django\db\models\query.py", line 1847, in _insert
    return query.get_compiler(using=using).execute_sql(returning_fields)
           ^^^^^^^^^^^^^^^^^^^^^^^^^^^^^^^^^^^^^^^^^^^^^^^^^^^^^^^^^^^^^
  File "A:\graduation\files\BackendV4\venv\Lib\site-packages\django\db\models\sql\compiler.py", line 1823, in execute_sql
    cursor.execute(sql, params)
  File "A:\graduation\files\BackendV4\venv\Lib\site-packages\django\db\backends\utils.py", line 122, in execute
    return super().execute(sql, params)
           ^^^^^^^^^^^^^^^^^^^^^^^^^^^^
  File "A:\graduation\files\BackendV4\venv\Lib\site-packages\django\db\backends\utils.py", line 79, in execute
    return self._execute_with_wrappers(
           ^^^^^^^^^^^^^^^^^^^^^^^^^^^^
  File "A:\graduation\files\BackendV4\venv\Lib\site-packages\django\db\backends\utils.py", line 92, in _execute_with_wrappers
    return executor(sql, params, many, context)
           ^^^^^^^^^^^^^^^^^^^^^^^^^^^^^^^^^^^^
  File "A:\graduation\files\BackendV4\venv\Lib\site-packages\django\db\backends\utils.py", line 100, in _execute
    with self.db.wrap_database_errors:
  File "A:\graduation\files\BackendV4\venv\Lib\site-packages\django\db\utils.py", line 91, in __exit__
    raise dj_exc_value.with_traceback(traceback) from exc_value
  File "A:\graduation\files\BackendV4\venv\Lib\site-packages\django\db\backends\utils.py", line 105, in _execute
    return self.cursor.execute(sql, params)
           ^^^^^^^^^^^^^^^^^^^^^^^^^^^^^^^^
django.db.utils.ProgrammingError: column "user_id" is of type uuid but expression is of type integer
LINE 1: ...t_id", "year_of_study", "specialization") VALUES (6, NULL, N...
                                                             ^
HINT:  You will need to rewrite or cast the expression.

INFO 2025-10-31 22:50:56,860 autoreload Watching for file changes with StatReloader
INFO 2025-10-31 22:54:21,260 autoreload A:\graduation\files\BackendV4\apps\accounts\views.py changed, reloading.
INFO 2025-10-31 22:54:22,623 autoreload Watching for file changes with StatReloader
INFO 2025-10-31 22:54:30,891 autoreload A:\graduation\files\BackendV4\apps\accounts\urls.py changed, reloading.
INFO 2025-10-31 22:54:32,077 autoreload Watching for file changes with StatReloader
WARNING 2025-10-31 22:55:27,776 log Not Found: /api/v1/accounts/register/patient/
WARNING 2025-10-31 22:55:27,959 log Not Found: /api/v1/accounts/register/patient/logo.png
INFO 2025-10-31 22:55:59,801 autoreload A:\graduation\files\BackendV4\apps\accounts\urls.py changed, reloading.
INFO 2025-10-31 22:56:01,284 autoreload Watching for file changes with StatReloader
INFO 2025-10-31 22:56:04,142 autoreload A:\graduation\files\BackendV4\apps\accounts\urls.py changed, reloading.
INFO 2025-10-31 22:56:05,305 autoreload Watching for file changes with StatReloader
INFO 2025-10-31 22:56:09,096 autoreload A:\graduation\files\BackendV4\apps\accounts\urls.py changed, reloading.
INFO 2025-10-31 22:56:10,013 autoreload Watching for file changes with StatReloader
INFO 2025-10-31 22:56:11,785 autoreload A:\graduation\files\BackendV4\apps\accounts\urls.py changed, reloading.
INFO 2025-10-31 22:56:12,907 autoreload Watching for file changes with StatReloader
INFO 2025-10-31 22:56:15,807 autoreload A:\graduation\files\BackendV4\apps\accounts\urls.py changed, reloading.
INFO 2025-10-31 22:56:16,768 autoreload Watching for file changes with StatReloader
INFO 2025-10-31 22:56:21,683 autoreload A:\graduation\files\BackendV4\apps\accounts\urls.py changed, reloading.
INFO 2025-10-31 22:56:22,703 autoreload Watching for file changes with StatReloader
WARNING 2025-10-31 22:56:31,970 log Method Not Allowed: /api/v1/accounts/patient/register/
WARNING 2025-10-31 22:56:32,193 log Not Found: /api/v1/accounts/patient/register/logo.png
ERROR 2025-10-31 22:56:44,994 log Internal Server Error: /api/v1/accounts/patient/register/
Traceback (most recent call last):
  File "A:\graduation\files\BackendV4\venv\Lib\site-packages\django\core\handlers\exception.py", line 55, in inner
    response = get_response(request)
               ^^^^^^^^^^^^^^^^^^^^^
  File "A:\graduation\files\BackendV4\venv\Lib\site-packages\django\core\handlers\base.py", line 197, in _get_response
    response = wrapped_callback(request, *callback_args, **callback_kwargs)
               ^^^^^^^^^^^^^^^^^^^^^^^^^^^^^^^^^^^^^^^^^^^^^^^^^^^^^^^^^^^^
  File "A:\graduation\files\BackendV4\venv\Lib\site-packages\django\views\decorators\csrf.py", line 65, in _view_wrapper
    return view_func(request, *args, **kwargs)
           ^^^^^^^^^^^^^^^^^^^^^^^^^^^^^^^^^^^
  File "A:\graduation\files\BackendV4\venv\Lib\site-packages\django\views\generic\base.py", line 104, in view
    return self.dispatch(request, *args, **kwargs)
           ^^^^^^^^^^^^^^^^^^^^^^^^^^^^^^^^^^^^^^^
  File "A:\graduation\files\BackendV4\venv\Lib\site-packages\rest_framework\views.py", line 509, in dispatch
    response = self.handle_exception(exc)
               ^^^^^^^^^^^^^^^^^^^^^^^^^^
  File "A:\graduation\files\BackendV4\venv\Lib\site-packages\rest_framework\views.py", line 469, in handle_exception
    self.raise_uncaught_exception(exc)
  File "A:\graduation\files\BackendV4\venv\Lib\site-packages\rest_framework\views.py", line 480, in raise_uncaught_exception
    raise exc
  File "A:\graduation\files\BackendV4\venv\Lib\site-packages\rest_framework\views.py", line 506, in dispatch
    response = handler(request, *args, **kwargs)
               ^^^^^^^^^^^^^^^^^^^^^^^^^^^^^^^^^
  File "A:\graduation\files\BackendV4\venv\Lib\site-packages\rest_framework\generics.py", line 194, in post
    return self.create(request, *args, **kwargs)
           ^^^^^^^^^^^^^^^^^^^^^^^^^^^^^^^^^^^^^
  File "A:\graduation\files\BackendV4\apps\accounts\views.py", line 28, in create
    "data": UserSerializer(user).data
            ^^^^^^^^^^^^^^^^^^^^^^^^^
  File "A:\graduation\files\BackendV4\venv\Lib\site-packages\rest_framework\serializers.py", line 571, in data
    ret = super().data
          ^^^^^^^^^^^^
  File "A:\graduation\files\BackendV4\venv\Lib\site-packages\rest_framework\serializers.py", line 249, in data
    self._data = self.to_representation(self.instance)
                 ^^^^^^^^^^^^^^^^^^^^^^^^^^^^^^^^^^^^^
  File "A:\graduation\files\BackendV4\venv\Lib\site-packages\rest_framework\serializers.py", line 523, in to_representation
    for field in fields:
  File "A:\graduation\files\BackendV4\venv\Lib\site-packages\rest_framework\serializers.py", line 384, in _readable_fields
    for field in self.fields.values():
                 ^^^^^^^^^^^
  File "A:\graduation\files\BackendV4\venv\Lib\site-packages\django\utils\functional.py", line 47, in __get__
    res = instance.__dict__[self.name] = self.func(instance)
                                         ^^^^^^^^^^^^^^^^^^^
  File "A:\graduation\files\BackendV4\venv\Lib\site-packages\rest_framework\serializers.py", line 372, in fields
    for key, value in self.get_fields().items():
                      ^^^^^^^^^^^^^^^^^
  File "A:\graduation\files\BackendV4\venv\Lib\site-packages\rest_framework\serializers.py", line 1103, in get_fields
    field_class, field_kwargs = self.build_field(
                                ^^^^^^^^^^^^^^^^^
  File "A:\graduation\files\BackendV4\venv\Lib\site-packages\rest_framework\serializers.py", line 1249, in build_field
    return self.build_unknown_field(field_name, model_class)
           ^^^^^^^^^^^^^^^^^^^^^^^^^^^^^^^^^^^^^^^^^^^^^^^^^
  File "A:\graduation\files\BackendV4\venv\Lib\site-packages\rest_framework\serializers.py", line 1367, in build_unknown_field
    raise ImproperlyConfigured(
django.core.exceptions.ImproperlyConfigured: Field name `role` is not valid for model `User` in `apps.accounts.serializers.UserSerializer`.
INFO 2025-10-31 22:58:29,376 autoreload A:\graduation\files\BackendV4\apps\accounts\models.py changed, reloading.
INFO 2025-10-31 22:58:30,662 autoreload Watching for file changes with StatReloader
INFO 2025-10-31 22:58:36,537 autoreload A:\graduation\files\BackendV4\apps\accounts\models.py changed, reloading.
INFO 2025-10-31 22:58:38,455 autoreload Watching for file changes with StatReloader
INFO 2025-10-31 23:01:09,762 autoreload A:\graduation\files\BackendV4\apps\accounts\serializers.py changed, reloading.
INFO 2025-10-31 23:01:11,058 autoreload Watching for file changes with StatReloader
INFO 2025-10-31 23:01:31,233 autoreload A:\graduation\files\BackendV4\apps\accounts\views.py changed, reloading.
INFO 2025-10-31 23:01:32,283 autoreload Watching for file changes with StatReloader
INFO 2025-10-31 23:01:41,367 autoreload A:\graduation\files\BackendV4\apps\accounts\urls.py changed, reloading.
INFO 2025-10-31 23:01:42,311 autoreload Watching for file changes with StatReloader
WARNING 2025-10-31 23:01:49,039 log Method Not Allowed: /api/v1/accounts/patient/register/
WARNING 2025-10-31 23:01:49,685 log Not Found: /api/v1/accounts/patient/register/logo.png
WARNING 2025-10-31 23:02:34,516 log Bad Request: /api/v1/accounts/patient/register/
WARNING 2025-10-31 23:03:03,841 log Not Found: /api/v1/accounts/register/student/
WARNING 2025-10-31 23:03:04,046 log Not Found: /api/v1/accounts/register/student/logo.png
WARNING 2025-10-31 23:03:17,733 log Method Not Allowed: /api/v1/accounts/student/register/
WARNING 2025-10-31 23:03:17,931 log Not Found: /api/v1/accounts/student/register/logo.png
WARNING 2025-10-31 23:05:26,742 log Not Found: /api/v1/accounts/auth/login
WARNING 2025-10-31 23:05:27,030 log Not Found: /api/v1/accounts/auth/logo.png
WARNING 2025-10-31 23:05:35,348 log Not Found: /api/v1/accounts/auth/login
WARNING 2025-10-31 23:05:35,468 log Not Found: /api/v1/accounts/auth/logo.png
ERROR 2025-10-31 23:05:41,362 log Internal Server Error: /api/v1/accounts/login/
Traceback (most recent call last):
  File "A:\graduation\files\BackendV4\venv\Lib\site-packages\django\core\handlers\exception.py", line 55, in inner
    response = get_response(request)
               ^^^^^^^^^^^^^^^^^^^^^
  File "A:\graduation\files\BackendV4\venv\Lib\site-packages\django\core\handlers\base.py", line 220, in _get_response
    response = response.render()
               ^^^^^^^^^^^^^^^^^
  File "A:\graduation\files\BackendV4\venv\Lib\site-packages\django\template\response.py", line 114, in render
    self.content = self.rendered_content
                   ^^^^^^^^^^^^^^^^^^^^^
  File "A:\graduation\files\BackendV4\venv\Lib\site-packages\rest_framework\response.py", line 74, in rendered_content
    ret = renderer.render(self.data, accepted_media_type, context)
          ^^^^^^^^^^^^^^^^^^^^^^^^^^^^^^^^^^^^^^^^^^^^^^^^^^^^^^^^
  File "A:\graduation\files\BackendV4\venv\Lib\site-packages\rest_framework\renderers.py", line 727, in render
    context = self.get_context(data, accepted_media_type, renderer_context)
              ^^^^^^^^^^^^^^^^^^^^^^^^^^^^^^^^^^^^^^^^^^^^^^^^^^^^^^^^^^^^^
  File "A:\graduation\files\BackendV4\venv\Lib\site-packages\rest_framework\renderers.py", line 658, in get_context
    raw_data_post_form = self.get_raw_data_form(data, view, 'POST', request)
                         ^^^^^^^^^^^^^^^^^^^^^^^^^^^^^^^^^^^^^^^^^^^^^^^^^^^
  File "A:\graduation\files\BackendV4\venv\Lib\site-packages\rest_framework\renderers.py", line 554, in get_raw_data_form
    serializer = view.get_serializer()
                 ^^^^^^^^^^^^^^^^^^^^^
  File "A:\graduation\files\BackendV4\venv\Lib\site-packages\rest_framework\generics.py", line 112, in get_serializer
    serializer_class = self.get_serializer_class()
                       ^^^^^^^^^^^^^^^^^^^^^^^^^^^
  File "A:\graduation\files\BackendV4\venv\Lib\site-packages\rest_framework\generics.py", line 126, in get_serializer_class
    assert self.serializer_class is not None, (
AssertionError: 'LoginView' should either include a `serializer_class` attribute, or override the `get_serializer_class()` method.
WARNING 2025-10-31 23:05:41,661 log Not Found: /api/v1/accounts/login/logo.png
WARNING 2025-10-31 23:07:17,943 log Forbidden: /api/v1/accounts/logout/
WARNING 2025-10-31 23:07:18,214 log Not Found: /api/v1/accounts/logout/logo.png
WARNING 2025-10-31 23:07:44,793 log Forbidden: /api/v1/accounts/patients/
WARNING 2025-10-31 23:07:44,924 log Not Found: /api/v1/accounts/patients/logo.png
WARNING 2025-10-31 23:08:11,326 log Forbidden: /api/v1/accounts/students/
WARNING 2025-10-31 23:08:11,469 log Not Found: /api/v1/accounts/students/logo.png
WARNING 2025-10-31 23:08:16,077 log Forbidden: /api/v1/accounts/students/
WARNING 2025-10-31 23:08:16,189 log Not Found: /api/v1/accounts/students/logo.png
WARNING 2025-10-31 23:08:18,968 log Forbidden: /api/v1/accounts/students/
WARNING 2025-10-31 23:08:19,072 log Not Found: /api/v1/accounts/students/logo.png
WARNING 2025-10-31 23:08:44,299 log Forbidden: /api/v1/accounts/profile/
WARNING 2025-10-31 23:08:44,437 log Not Found: /api/v1/accounts/profile/logo.png
INFO 2025-10-31 23:09:52,919 autoreload A:\graduation\files\BackendV4\apps\accounts\serializers.py changed, reloading.
INFO 2025-10-31 23:09:56,847 autoreload Watching for file changes with StatReloader
INFO 2025-10-31 23:10:53,216 autoreload A:\graduation\files\BackendV4\apps\accounts\views.py changed, reloading.
INFO 2025-10-31 23:10:54,978 autoreload Watching for file changes with StatReloader
INFO 2025-10-31 23:10:59,914 autoreload A:\graduation\files\BackendV4\apps\accounts\urls.py changed, reloading.
INFO 2025-10-31 23:11:00,953 autoreload Watching for file changes with StatReloader
INFO 2025-10-31 23:11:04,786 autoreload A:\graduation\files\BackendV4\apps\accounts\urls.py changed, reloading.
INFO 2025-10-31 23:11:05,990 autoreload Watching for file changes with StatReloader
WARNING 2025-10-31 23:12:56,151 log Method Not Allowed: /api/v1/accounts/student/register/
WARNING 2025-10-31 23:12:56,773 log Not Found: /api/v1/accounts/student/register/logo.png
WARNING 2025-10-31 23:13:18,555 log Method Not Allowed: /api/v1/accounts/student/register/
WARNING 2025-10-31 23:13:18,717 log Not Found: /api/v1/accounts/student/register/logo.png
WARNING 2025-10-31 23:13:22,826 log Bad Request: /api/v1/accounts/student/register/
WARNING 2025-10-31 23:14:11,089 log Method Not Allowed: /api/v1/accounts/student/register/
WARNING 2025-10-31 23:14:11,261 log Not Found: /api/v1/accounts/student/register/logo.png
WARNING 2025-10-31 23:14:32,023 log Bad Request: /api/v1/accounts/student/register/
WARNING 2025-10-31 23:14:52,119 log Not Found: /api/v1/accounts/login./
WARNING 2025-10-31 23:14:52,277 log Not Found: /api/v1/accounts/login./logo.png
WARNING 2025-10-31 23:14:57,852 log Method Not Allowed: /api/v1/accounts/login/
WARNING 2025-10-31 23:14:58,031 log Not Found: /api/v1/accounts/login/logo.png
WARNING 2025-10-31 23:15:11,792 log Unauthorized: /api/v1/accounts/login/
WARNING 2025-10-31 23:15:35,271 log Unauthorized: /api/v1/accounts/login/
WARNING 2025-10-31 23:16:15,955 log Forbidden: /api/v1/accounts/logout/
WARNING 2025-10-31 23:16:16,125 log Not Found: /api/v1/accounts/logout/logo.png
WARNING 2025-10-31 23:16:21,649 log Forbidden: /api/v1/accounts/logout/
WARNING 2025-10-31 23:16:21,766 log Not Found: /api/v1/accounts/logout/logo.png
WARNING 2025-10-31 23:16:22,607 log Forbidden: /api/v1/accounts/logout/
WARNING 2025-10-31 23:16:22,713 log Not Found: /api/v1/accounts/logout/logo.png
WARNING 2025-10-31 23:16:52,894 log Forbidden: /api/v1/accounts/profile/
WARNING 2025-10-31 23:16:53,070 log Not Found: /api/v1/accounts/profile/logo.png
WARNING 2025-10-31 23:18:32,061 log Forbidden: /api/v1/accounts/patients/
WARNING 2025-10-31 23:18:32,275 log Not Found: /api/v1/accounts/patients/logo.png
WARNING 2025-10-31 23:19:02,041 log Not Found: /api/v1/accounts/patients/4
WARNING 2025-10-31 23:19:02,161 log Not Found: /api/v1/accounts/patients/logo.png
WARNING 2025-10-31 23:19:36,484 log Not Found: /api/v1/accounts/patients/<uuid:4>
WARNING 2025-10-31 23:19:36,611 log Not Found: /api/v1/accounts/patients/logo.png
WARNING 2025-10-31 23:19:49,497 log Not Found: /api/v1/accounts/patients/<uuid:PK>
WARNING 2025-10-31 23:19:49,617 log Not Found: /api/v1/accounts/patients/logo.png
WARNING 2025-10-31 23:20:06,496 log Not Found: /api/v1/accounts/patients/<uuid:pk>
WARNING 2025-10-31 23:20:06,623 log Not Found: /api/v1/accounts/patients/logo.png
WARNING 2025-10-31 23:20:40,473 log Not Found: /api/v1/accounts/patients/<uuid:pk>/ [name='patient99']
WARNING 2025-10-31 23:20:40,624 log Not Found: /api/v1/accounts/patients/<uuid:pk>/logo.png
WARNING 2025-10-31 23:20:54,831 log Forbidden: /api/v1/accounts/students/
WARNING 2025-10-31 23:20:55,054 log Not Found: /api/v1/accounts/students/logo.png
INFO 2025-10-31 23:26:38,161 autoreload A:\graduation\files\BackendV4\apps\accounts\serializers.py changed, reloading.
INFO 2025-10-31 23:26:39,943 autoreload Watching for file changes with StatReloader
INFO 2025-10-31 23:26:49,561 autoreload A:\graduation\files\BackendV4\apps\accounts\views.py changed, reloading.
INFO 2025-10-31 23:26:51,462 autoreload Watching for file changes with StatReloader
INFO 2025-10-31 23:26:54,428 autoreload A:\graduation\files\BackendV4\apps\accounts\serializers.py changed, reloading.
INFO 2025-10-31 23:26:55,933 autoreload Watching for file changes with StatReloader
INFO 2025-10-31 23:46:42,014 autoreload A:\graduation\files\BackendV4\apps\accounts\serializers.py changed, reloading.
INFO 2025-10-31 23:46:46,243 autoreload Watching for file changes with StatReloader
INFO 2025-10-31 23:47:04,202 autoreload A:\graduation\files\BackendV4\apps\accounts\views.py changed, reloading.
INFO 2025-10-31 23:47:05,419 autoreload Watching for file changes with StatReloader
INFO 2025-10-31 23:47:14,765 autoreload A:\graduation\files\BackendV4\apps\accounts\urls.py changed, reloading.
INFO 2025-10-31 23:47:15,847 autoreload Watching for file changes with StatReloader
WARNING 2025-10-31 23:47:23,493 log Method Not Allowed: /api/v1/accounts/student/register/
WARNING 2025-10-31 23:47:23,927 log Not Found: /api/v1/accounts/student/register/logo.png
INFO 2025-11-01 00:03:28,574 autoreload A:\graduation\files\BackendV4\apps\accounts\serializers.py changed, reloading.
INFO 2025-11-01 00:03:32,257 autoreload Watching for file changes with StatReloader
INFO 2025-11-01 00:04:09,210 autoreload A:\graduation\files\BackendV4\apps\accounts\views.py changed, reloading.
INFO 2025-11-01 00:04:12,639 autoreload Watching for file changes with StatReloader
INFO 2025-11-01 00:04:23,848 autoreload A:\graduation\files\BackendV4\apps\accounts\urls.py changed, reloading.
INFO 2025-11-01 00:04:26,588 autoreload Watching for file changes with StatReloader
WARNING 2025-11-01 00:05:07,768 log Method Not Allowed: /api/v1/accounts/patient/register/
WARNING 2025-11-01 00:05:08,286 log Not Found: /api/v1/accounts/patient/register/logo.png
ERROR 2025-11-01 00:05:45,594 log Internal Server Error: /api/v1/accounts/patient/register/
Traceback (most recent call last):
  File "A:\graduation\files\BackendV4\venv\Lib\site-packages\django\db\backends\base\base.py", line 275, in ensure_connection
    self.connect()
  File "A:\graduation\files\BackendV4\venv\Lib\site-packages\django\utils\asyncio.py", line 26, in inner
    return func(*args, **kwargs)
           ^^^^^^^^^^^^^^^^^^^^^
  File "A:\graduation\files\BackendV4\venv\Lib\site-packages\django\db\backends\base\base.py", line 256, in connect
    self.connection = self.get_new_connection(conn_params)
                      ^^^^^^^^^^^^^^^^^^^^^^^^^^^^^^^^^^^^
  File "A:\graduation\files\BackendV4\venv\Lib\site-packages\django\utils\asyncio.py", line 26, in inner
    return func(*args, **kwargs)
           ^^^^^^^^^^^^^^^^^^^^^
  File "A:\graduation\files\BackendV4\venv\Lib\site-packages\django\db\backends\postgresql\base.py", line 277, in get_new_connection
    connection = self.Database.connect(**conn_params)
                 ^^^^^^^^^^^^^^^^^^^^^^^^^^^^^^^^^^^^
  File "A:\graduation\files\BackendV4\venv\Lib\site-packages\psycopg2\__init__.py", line 122, in connect
    conn = _connect(dsn, connection_factory=connection_factory, **kwasync)
           ^^^^^^^^^^^^^^^^^^^^^^^^^^^^^^^^^^^^^^^^^^^^^^^^^^^^^^^^^^^^^^^
psycopg2.OperationalError: connection to server at "localhost" (127.0.0.1), port 5555 failed: server closed the connection unexpectedly
	This probably means the server terminated abnormally
	before or while processing the request.


The above exception was the direct cause of the following exception:

Traceback (most recent call last):
  File "A:\graduation\files\BackendV4\venv\Lib\site-packages\django\core\handlers\exception.py", line 55, in inner
    response = get_response(request)
               ^^^^^^^^^^^^^^^^^^^^^
  File "A:\graduation\files\BackendV4\venv\Lib\site-packages\django\core\handlers\base.py", line 197, in _get_response
    response = wrapped_callback(request, *callback_args, **callback_kwargs)
               ^^^^^^^^^^^^^^^^^^^^^^^^^^^^^^^^^^^^^^^^^^^^^^^^^^^^^^^^^^^^
  File "A:\graduation\files\BackendV4\venv\Lib\site-packages\django\views\decorators\csrf.py", line 65, in _view_wrapper
    return view_func(request, *args, **kwargs)
           ^^^^^^^^^^^^^^^^^^^^^^^^^^^^^^^^^^^
  File "A:\graduation\files\BackendV4\venv\Lib\site-packages\django\views\generic\base.py", line 104, in view
    return self.dispatch(request, *args, **kwargs)
           ^^^^^^^^^^^^^^^^^^^^^^^^^^^^^^^^^^^^^^^
  File "A:\graduation\files\BackendV4\venv\Lib\site-packages\rest_framework\views.py", line 509, in dispatch
    response = self.handle_exception(exc)
               ^^^^^^^^^^^^^^^^^^^^^^^^^^
  File "A:\graduation\files\BackendV4\venv\Lib\site-packages\rest_framework\views.py", line 469, in handle_exception
    self.raise_uncaught_exception(exc)
  File "A:\graduation\files\BackendV4\venv\Lib\site-packages\rest_framework\views.py", line 480, in raise_uncaught_exception
    raise exc
  File "A:\graduation\files\BackendV4\venv\Lib\site-packages\rest_framework\views.py", line 506, in dispatch
    response = handler(request, *args, **kwargs)
               ^^^^^^^^^^^^^^^^^^^^^^^^^^^^^^^^^
  File "A:\graduation\files\BackendV4\venv\Lib\site-packages\rest_framework\generics.py", line 194, in post
    return self.create(request, *args, **kwargs)
           ^^^^^^^^^^^^^^^^^^^^^^^^^^^^^^^^^^^^^
  File "A:\graduation\files\BackendV4\apps\accounts\views.py", line 26, in create
    serializer.is_valid(raise_exception=True)
  File "A:\graduation\files\BackendV4\venv\Lib\site-packages\rest_framework\serializers.py", line 223, in is_valid
    self._validated_data = self.run_validation(self.initial_data)
                           ^^^^^^^^^^^^^^^^^^^^^^^^^^^^^^^^^^^^^^
  File "A:\graduation\files\BackendV4\venv\Lib\site-packages\rest_framework\serializers.py", line 442, in run_validation
    value = self.to_internal_value(data)
            ^^^^^^^^^^^^^^^^^^^^^^^^^^^^
  File "A:\graduation\files\BackendV4\venv\Lib\site-packages\rest_framework\serializers.py", line 499, in to_internal_value
    validated_value = field.run_validation(primitive_value)
                      ^^^^^^^^^^^^^^^^^^^^^^^^^^^^^^^^^^^^^
  File "A:\graduation\files\BackendV4\venv\Lib\site-packages\rest_framework\fields.py", line 757, in run_validation
    return super().run_validation(data)
           ^^^^^^^^^^^^^^^^^^^^^^^^^^^^
  File "A:\graduation\files\BackendV4\venv\Lib\site-packages\rest_framework\fields.py", line 539, in run_validation
    self.run_validators(value)
  File "A:\graduation\files\BackendV4\venv\Lib\site-packages\rest_framework\fields.py", line 551, in run_validators
    validator(value, self)
  File "A:\graduation\files\BackendV4\venv\Lib\site-packages\rest_framework\validators.py", line 73, in __call__
    if qs_exists(queryset):
       ^^^^^^^^^^^^^^^^^^^
  File "A:\graduation\files\BackendV4\venv\Lib\site-packages\rest_framework\validators.py", line 21, in qs_exists
    return queryset.exists()
           ^^^^^^^^^^^^^^^^^
  File "A:\graduation\files\BackendV4\venv\Lib\site-packages\django\db\models\query.py", line 1288, in exists
    return self.query.has_results(using=self.db)
           ^^^^^^^^^^^^^^^^^^^^^^^^^^^^^^^^^^^^^
  File "A:\graduation\files\BackendV4\venv\Lib\site-packages\django\db\models\sql\query.py", line 659, in has_results
    return compiler.has_results()
           ^^^^^^^^^^^^^^^^^^^^^^
  File "A:\graduation\files\BackendV4\venv\Lib\site-packages\django\db\models\sql\compiler.py", line 1530, in has_results
    return bool(self.execute_sql(SINGLE))
                ^^^^^^^^^^^^^^^^^^^^^^^^
  File "A:\graduation\files\BackendV4\venv\Lib\site-packages\django\db\models\sql\compiler.py", line 1560, in execute_sql
    cursor = self.connection.cursor()
             ^^^^^^^^^^^^^^^^^^^^^^^^
  File "A:\graduation\files\BackendV4\venv\Lib\site-packages\django\utils\asyncio.py", line 26, in inner
    return func(*args, **kwargs)
           ^^^^^^^^^^^^^^^^^^^^^
  File "A:\graduation\files\BackendV4\venv\Lib\site-packages\django\db\backends\base\base.py", line 316, in cursor
    return self._cursor()
           ^^^^^^^^^^^^^^
  File "A:\graduation\files\BackendV4\venv\Lib\site-packages\django\db\backends\base\base.py", line 292, in _cursor
    self.ensure_connection()
  File "A:\graduation\files\BackendV4\venv\Lib\site-packages\django\utils\asyncio.py", line 26, in inner
    return func(*args, **kwargs)
           ^^^^^^^^^^^^^^^^^^^^^
  File "A:\graduation\files\BackendV4\venv\Lib\site-packages\django\db\backends\base\base.py", line 274, in ensure_connection
    with self.wrap_database_errors:
  File "A:\graduation\files\BackendV4\venv\Lib\site-packages\django\db\utils.py", line 91, in __exit__
    raise dj_exc_value.with_traceback(traceback) from exc_value
  File "A:\graduation\files\BackendV4\venv\Lib\site-packages\django\db\backends\base\base.py", line 275, in ensure_connection
    self.connect()
  File "A:\graduation\files\BackendV4\venv\Lib\site-packages\django\utils\asyncio.py", line 26, in inner
    return func(*args, **kwargs)
           ^^^^^^^^^^^^^^^^^^^^^
  File "A:\graduation\files\BackendV4\venv\Lib\site-packages\django\db\backends\base\base.py", line 256, in connect
    self.connection = self.get_new_connection(conn_params)
                      ^^^^^^^^^^^^^^^^^^^^^^^^^^^^^^^^^^^^
  File "A:\graduation\files\BackendV4\venv\Lib\site-packages\django\utils\asyncio.py", line 26, in inner
    return func(*args, **kwargs)
           ^^^^^^^^^^^^^^^^^^^^^
  File "A:\graduation\files\BackendV4\venv\Lib\site-packages\django\db\backends\postgresql\base.py", line 277, in get_new_connection
    connection = self.Database.connect(**conn_params)
                 ^^^^^^^^^^^^^^^^^^^^^^^^^^^^^^^^^^^^
  File "A:\graduation\files\BackendV4\venv\Lib\site-packages\psycopg2\__init__.py", line 122, in connect
    conn = _connect(dsn, connection_factory=connection_factory, **kwasync)
           ^^^^^^^^^^^^^^^^^^^^^^^^^^^^^^^^^^^^^^^^^^^^^^^^^^^^^^^^^^^^^^^
django.db.utils.OperationalError: connection to server at "localhost" (127.0.0.1), port 5555 failed: server closed the connection unexpectedly
	This probably means the server terminated abnormally
	before or while processing the request.

WARNING 2025-11-01 00:07:41,597 log Method Not Allowed: /api/v1/accounts/patient/register/
WARNING 2025-11-01 00:07:41,874 log Not Found: /api/v1/accounts/patient/register/logo.png
WARNING 2025-11-01 00:08:06,967 log Method Not Allowed: /api/v1/accounts/student/register/
WARNING 2025-11-01 00:08:07,399 log Not Found: /api/v1/accounts/student/register/logo.png
ERROR 2025-11-01 00:08:28,383 log Internal Server Error: /api/v1/accounts/student/register/
Traceback (most recent call last):
  File "A:\graduation\files\BackendV4\venv\Lib\site-packages\django\core\handlers\exception.py", line 55, in inner
    response = get_response(request)
               ^^^^^^^^^^^^^^^^^^^^^
  File "A:\graduation\files\BackendV4\venv\Lib\site-packages\django\core\handlers\base.py", line 197, in _get_response
    response = wrapped_callback(request, *callback_args, **callback_kwargs)
               ^^^^^^^^^^^^^^^^^^^^^^^^^^^^^^^^^^^^^^^^^^^^^^^^^^^^^^^^^^^^
  File "A:\graduation\files\BackendV4\venv\Lib\site-packages\django\views\decorators\csrf.py", line 65, in _view_wrapper
    return view_func(request, *args, **kwargs)
           ^^^^^^^^^^^^^^^^^^^^^^^^^^^^^^^^^^^
  File "A:\graduation\files\BackendV4\venv\Lib\site-packages\django\views\generic\base.py", line 104, in view
    return self.dispatch(request, *args, **kwargs)
           ^^^^^^^^^^^^^^^^^^^^^^^^^^^^^^^^^^^^^^^
  File "A:\graduation\files\BackendV4\venv\Lib\site-packages\rest_framework\views.py", line 509, in dispatch
    response = self.handle_exception(exc)
               ^^^^^^^^^^^^^^^^^^^^^^^^^^
  File "A:\graduation\files\BackendV4\venv\Lib\site-packages\rest_framework\views.py", line 469, in handle_exception
    self.raise_uncaught_exception(exc)
  File "A:\graduation\files\BackendV4\venv\Lib\site-packages\rest_framework\views.py", line 480, in raise_uncaught_exception
    raise exc
  File "A:\graduation\files\BackendV4\venv\Lib\site-packages\rest_framework\views.py", line 506, in dispatch
    response = handler(request, *args, **kwargs)
               ^^^^^^^^^^^^^^^^^^^^^^^^^^^^^^^^^
  File "A:\graduation\files\BackendV4\venv\Lib\site-packages\rest_framework\generics.py", line 194, in post
    return self.create(request, *args, **kwargs)
           ^^^^^^^^^^^^^^^^^^^^^^^^^^^^^^^^^^^^^
  File "A:\graduation\files\BackendV4\apps\accounts\views.py", line 38, in create
    user = serializer.save()
           ^^^^^^^^^^^^^^^^^
  File "A:\graduation\files\BackendV4\venv\Lib\site-packages\rest_framework\serializers.py", line 208, in save
    self.instance = self.create(validated_data)
                    ^^^^^^^^^^^^^^^^^^^^^^^^^^^
  File "A:\graduation\files\BackendV4\apps\accounts\serializers.py", line 117, in create
    StudentProfile.objects.create(
  File "A:\graduation\files\BackendV4\venv\Lib\site-packages\django\db\models\manager.py", line 87, in manager_method
    return getattr(self.get_queryset(), name)(*args, **kwargs)
           ^^^^^^^^^^^^^^^^^^^^^^^^^^^^^^^^^^^^^^^^^^^^^^^^^^^
  File "A:\graduation\files\BackendV4\venv\Lib\site-packages\django\db\models\query.py", line 677, in create
    obj = self.model(**kwargs)
          ^^^^^^^^^^^^^^^^^^^^
  File "A:\graduation\files\BackendV4\venv\Lib\site-packages\django\db\models\base.py", line 543, in __init__
    _setattr(self, field.name, rel_obj)
  File "A:\graduation\files\BackendV4\venv\Lib\site-packages\django\db\models\fields\related_descriptors.py", line 284, in __set__
    raise ValueError(
ValueError: Cannot assign "555555555": "StudentProfile.university" must be a "University" instance.
WARNING 2025-11-01 00:09:49,066 log Method Not Allowed: /api/v1/accounts/login/
WARNING 2025-11-01 00:09:49,542 log Not Found: /api/v1/accounts/login/logo.png
WARNING 2025-11-01 00:09:57,487 log Unauthorized: /api/v1/accounts/login/
WARNING 2025-11-01 00:11:12,334 log Bad Request: /api/v1/accounts/login/
WARNING 2025-11-01 00:11:34,046 log Bad Request: /api/v1/accounts/login/
WARNING 2025-11-01 00:12:42,205 log Unauthorized: /api/v1/accounts/login/
WARNING 2025-11-01 00:13:15,363 log Forbidden: /api/v1/accounts/logout/
WARNING 2025-11-01 00:13:15,712 log Not Found: /api/v1/accounts/logout/logo.png
WARNING 2025-11-01 00:15:11,530 log Not Found: /api/v1/accounts/patients/<uuid=4
WARNING 2025-11-01 00:15:11,704 log Not Found: /api/v1/accounts/patients/logo.png
WARNING 2025-11-01 00:15:21,299 log Not Found: /api/v1/accounts/patients/<uuid=4>
WARNING 2025-11-01 00:15:21,465 log Not Found: /api/v1/accounts/patients/logo.png
WARNING 2025-11-01 00:16:01,969 log Forbidden: /api/v1/accounts/students/
WARNING 2025-11-01 00:16:02,297 log Not Found: /api/v1/accounts/students/logo.png
INFO 2025-11-01 00:19:43,852 autoreload A:\graduation\files\BackendV4\apps\accounts\serializers.py changed, reloading.
INFO 2025-11-01 00:19:47,745 autoreload Watching for file changes with StatReloader
INFO 2025-11-01 00:22:37,778 autoreload A:\graduation\files\BackendV4\apps\accounts\models.py changed, reloading.
INFO 2025-11-01 00:22:40,287 autoreload Watching for file changes with StatReloader
INFO 2025-11-01 00:23:09,311 autoreload A:\graduation\files\BackendV4\apps\accounts\models.py changed, reloading.
INFO 2025-11-01 00:23:11,465 autoreload Watching for file changes with StatReloader
INFO 2025-11-01 00:23:22,238 autoreload A:\graduation\files\BackendV4\apps\accounts\models.py changed, reloading.
INFO 2025-11-01 00:23:24,445 autoreload Watching for file changes with StatReloader
INFO 2025-11-01 00:23:33,830 autoreload A:\graduation\files\BackendV4\apps\accounts\models.py changed, reloading.
INFO 2025-11-01 00:23:35,637 autoreload Watching for file changes with StatReloader
INFO 2025-11-01 00:29:46,798 autoreload A:\graduation\files\BackendV4\apps\accounts\serializers.py changed, reloading.
INFO 2025-11-01 00:29:49,681 autoreload Watching for file changes with StatReloader
INFO 2025-11-01 00:29:52,468 autoreload A:\graduation\files\BackendV4\apps\accounts\views.py changed, reloading.
INFO 2025-11-01 00:29:55,786 autoreload Watching for file changes with StatReloader
INFO 2025-11-01 00:30:07,558 autoreload A:\graduation\files\BackendV4\apps\accounts\urls.py changed, reloading.
INFO 2025-11-01 00:30:09,131 autoreload Watching for file changes with StatReloader
INFO 2025-11-01 00:40:28,980 autoreload A:\graduation\files\BackendV4\apps\accounts\serializers.py changed, reloading.
INFO 2025-11-01 00:40:37,225 autoreload Watching for file changes with StatReloader
INFO 2025-11-01 00:40:50,972 autoreload A:\graduation\files\BackendV4\apps\accounts\views.py changed, reloading.
INFO 2025-11-01 00:40:54,246 autoreload Watching for file changes with StatReloader
INFO 2025-11-01 00:41:03,403 autoreload A:\graduation\files\BackendV4\apps\accounts\urls.py changed, reloading.
INFO 2025-11-01 00:41:05,644 autoreload Watching for file changes with StatReloader
WARNING 2025-11-01 00:41:16,157 log Not Found: /api/v1/accounts/student/register/
WARNING 2025-11-01 00:41:16,580 log Not Found: /api/v1/accounts/student/register/logo.png
WARNING 2025-11-01 00:41:20,188 log Not Found: /api/v1/accounts/patient/register/
WARNING 2025-11-01 00:41:20,734 log Not Found: /api/v1/accounts/patient/register/logo.png
WARNING 2025-11-01 00:41:33,895 log Forbidden: /api/v1/accounts/register/patient/
WARNING 2025-11-01 00:41:34,292 log Not Found: /api/v1/accounts/register/patient/logo.png
WARNING 2025-11-01 00:41:53,849 log Forbidden: /api/v1/accounts/register/student/
WARNING 2025-11-01 00:41:54,229 log Not Found: /api/v1/accounts/register/student/logo.png
INFO 2025-11-01 00:46:14,698 autoreload A:\graduation\files\BackendV4\apps\accounts\views.py changed, reloading.
INFO 2025-11-01 00:46:20,681 autoreload Watching for file changes with StatReloader
INFO 2025-11-01 00:53:31,951 autoreload Watching for file changes with StatReloader
WARNING 2025-11-01 00:53:51,743 log Method Not Allowed: /api/v1/accounts/register/patient/
WARNING 2025-11-01 00:53:52,355 log Not Found: /api/v1/accounts/register/patient/logo.png
ERROR 2025-11-01 00:57:07,358 log Internal Server Error: /api/v1/accounts/register/patient/
WARNING 2025-11-01 00:57:48,586 log Not Found: /api/v1/accounts/students/logo.png
WARNING 2025-11-01 00:57:55,246 log Method Not Allowed: /api/v1/accounts/register/student/
WARNING 2025-11-01 00:57:55,673 log Not Found: /api/v1/accounts/register/student/logo.png
ERROR 2025-11-01 00:58:01,136 log Internal Server Error: /api/v1/accounts/register/student/
WARNING 2025-11-01 00:58:51,307 log Not Found: /api/v1/accounts/patients/logo.png
WARNING 2025-11-01 01:00:36,845 log Not Found: /api/v1/accounts/patients/<uuid:4
WARNING 2025-11-01 01:00:37,027 log Not Found: /api/v1/accounts/patients/logo.png
WARNING 2025-11-01 01:00:48,906 log Not Found: /api/v1/accounts/patients/<uuid:4>
WARNING 2025-11-01 01:00:49,105 log Not Found: /api/v1/accounts/patients/logo.png
WARNING 2025-11-01 01:02:51,156 log Not Found: /api/v1/accounts/patients/<uuid:user_id>/update
WARNING 2025-11-01 01:02:51,334 log Not Found: /api/v1/accounts/patients/<uuid:user_id>/logo.png
WARNING 2025-11-01 01:02:55,465 log Not Found: /api/v1/accounts/patients/<uuid:5>/update
WARNING 2025-11-01 01:02:55,983 log Not Found: /api/v1/accounts/patients/<uuid:5>/logo.png
INFO 2025-11-01 01:10:02,807 autoreload A:\graduation\files\BackendV4\apps\accounts\serializers.py changed, reloading.
INFO 2025-11-01 01:10:08,925 autoreload Watching for file changes with StatReloader
INFO 2025-11-01 01:10:39,704 autoreload A:\graduation\files\BackendV4\apps\accounts\views.py changed, reloading.
INFO 2025-11-01 01:10:41,815 autoreload Watching for file changes with StatReloader
INFO 2025-11-01 01:11:23,225 autoreload Watching for file changes with StatReloader
WARNING 2025-11-01 01:11:31,263 log Method Not Allowed: /api/v1/accounts/register/patient/
WARNING 2025-11-01 01:11:31,645 log Not Found: /api/v1/accounts/register/patient/logo.png
ERROR 2025-11-01 01:11:47,795 log Internal Server Error: /api/v1/accounts/register/patient/
ERROR 2025-11-01 01:12:26,123 log Internal Server Error: /api/v1/accounts/patients/
ERROR 2025-11-01 01:12:26,487 log Internal Server Error: /api/v1/accounts/patients/
WARNING 2025-11-01 01:12:26,733 log Not Found: /api/v1/accounts/patients/logo.png
ERROR 2025-11-01 01:12:33,991 log Internal Server Error: /api/v1/accounts/patients/
WARNING 2025-11-01 01:12:34,114 log Not Found: /api/v1/accounts/patients/logo.png
ERROR 2025-11-01 01:12:35,111 log Internal Server Error: /api/v1/accounts/patients/
WARNING 2025-11-01 01:12:35,237 log Not Found: /api/v1/accounts/patients/logo.png
INFO 2025-11-01 01:12:44,859 autoreload A:\graduation\files\BackendV4\apps\accounts\views.py changed, reloading.
INFO 2025-11-01 01:12:45,946 autoreload Watching for file changes with StatReloader
INFO 2025-11-01 01:12:48,970 autoreload A:\graduation\files\BackendV4\apps\accounts\views.py changed, reloading.
INFO 2025-11-01 01:12:50,312 autoreload Watching for file changes with StatReloader
INFO 2025-11-01 01:12:54,314 autoreload A:\graduation\files\BackendV4\apps\accounts\views.py changed, reloading.
INFO 2025-11-01 01:12:55,596 autoreload Watching for file changes with StatReloader
INFO 2025-11-01 01:13:00,505 autoreload A:\graduation\files\BackendV4\apps\accounts\views.py changed, reloading.
INFO 2025-11-01 01:13:01,553 autoreload Watching for file changes with StatReloader
INFO 2025-11-01 03:05:35,917 autoreload A:\graduation\files\BackendV4\apps\accounts\models.py changed, reloading.
INFO 2025-11-01 03:05:40,933 autoreload Watching for file changes with StatReloader
INFO 2025-11-01 03:25:50,003 autoreload A:\graduation\files\BackendV4\apps\accounts\admin.py changed, reloading.
INFO 2025-11-01 03:25:53,495 autoreload Watching for file changes with StatReloader
INFO 2025-11-01 03:26:17,554 autoreload A:\graduation\files\BackendV4\apps\accounts\apps.py changed, reloading.
INFO 2025-11-01 03:26:19,218 autoreload Watching for file changes with StatReloader
INFO 2025-11-01 03:26:21,023 autoreload A:\graduation\files\BackendV4\apps\accounts\apps.py changed, reloading.
INFO 2025-11-01 03:26:22,083 autoreload Watching for file changes with StatReloader
INFO 2025-11-01 03:26:35,985 autoreload A:\graduation\files\BackendV4\apps\accounts\serializers.py changed, reloading.
INFO 2025-11-01 03:26:37,213 autoreload Watching for file changes with StatReloader
INFO 2025-11-01 03:26:48,251 autoreload A:\graduation\files\BackendV4\apps\accounts\signals.py changed, reloading.
INFO 2025-11-01 03:26:49,923 autoreload Watching for file changes with StatReloader
INFO 2025-11-01 03:28:17,933 autoreload A:\graduation\files\BackendV4\apps\accounts\apps.py changed, reloading.
INFO 2025-11-01 03:28:19,069 autoreload Watching for file changes with StatReloader
INFO 2025-11-01 03:28:27,077 autoreload A:\graduation\files\BackendV4\apps\accounts\serializers.py changed, reloading.
INFO 2025-11-01 03:28:28,309 autoreload Watching for file changes with StatReloader
INFO 2025-11-01 03:31:56,417 autoreload A:\graduation\files\BackendV4\apps\accounts\models.py changed, reloading.
INFO 2025-11-01 03:31:57,965 autoreload Watching for file changes with StatReloader
INFO 2025-11-01 03:32:08,264 autoreload A:\graduation\files\BackendV4\apps\accounts\serializers.py changed, reloading.
INFO 2025-11-01 03:32:10,508 autoreload Watching for file changes with StatReloader
INFO 2025-11-01 03:32:18,536 autoreload A:\graduation\files\BackendV4\apps\accounts\urls.py changed, reloading.
INFO 2025-11-01 03:32:20,633 autoreload Watching for file changes with StatReloader
INFO 2025-11-01 03:32:28,230 autoreload A:\graduation\files\BackendV4\apps\accounts\views.py changed, reloading.
INFO 2025-11-01 03:32:29,498 autoreload Watching for file changes with StatReloader
INFO 2025-11-01 03:33:16,009 autoreload Watching for file changes with StatReloader
WARNING 2025-11-01 03:33:30,669 log Not Found: /
WARNING 2025-11-01 03:33:31,160 log Not Found: /logo.png
INFO 2025-11-01 03:44:04,164 autoreload A:\graduation\files\BackendV4\apps\universities\models.py changed, reloading.
INFO 2025-11-01 03:44:09,139 autoreload Watching for file changes with StatReloader
INFO 2025-11-01 03:44:12,464 autoreload A:\graduation\files\BackendV4\apps\universities\serializers.py changed, reloading.
INFO 2025-11-01 03:44:13,609 autoreload Watching for file changes with StatReloader
INFO 2025-11-01 03:44:24,005 autoreload A:\graduation\files\BackendV4\apps\universities\views.py changed, reloading.
INFO 2025-11-01 03:44:25,308 autoreload Watching for file changes with StatReloader
INFO 2025-11-01 03:44:42,215 autoreload A:\graduation\files\BackendV4\apps\universities\urls.py changed, reloading.
INFO 2025-11-01 03:44:43,390 autoreload Watching for file changes with StatReloader
INFO 2025-11-01 03:54:27,367 autoreload Watching for file changes with StatReloader
WARNING 2025-11-01 03:55:45,426 log Not Found: /api/v1/universities/logo.png
WARNING 2025-11-01 03:55:48,639 log Not Found: /api/v1/accounts/
WARNING 2025-11-01 03:55:48,956 log Not Found: /api/v1/accounts/logo.png
WARNING 2025-11-01 03:55:53,976 log Not Found: /api/v1/accounts/
WARNING 2025-11-01 03:55:54,299 log Not Found: /api/v1/accounts/logo.png
WARNING 2025-11-01 03:56:07,195 log Not Found: /api/v1/accounts/
WARNING 2025-11-01 03:56:07,426 log Not Found: /api/v1/accounts/logo.png
WARNING 2025-11-01 03:56:49,311 log Method Not Allowed: /api/v1/accounts/register/patient/
WARNING 2025-11-01 03:56:49,578 log Not Found: /api/v1/accounts/register/patient/logo.png
ERROR 2025-11-01 03:57:04,791 log Internal Server Error: /api/v1/accounts/register/patient/
WARNING 2025-11-01 03:58:11,354 log Method Not Allowed: /api/v1/accounts/register/student/
WARNING 2025-11-01 03:58:11,587 log Not Found: /api/v1/accounts/register/student/logo.png
ERROR 2025-11-01 03:58:35,812 log Internal Server Error: /api/v1/accounts/register/student/
WARNING 2025-11-01 03:59:18,832 log Not Found: /api/v1/accounts/patients/logo.png
WARNING 2025-11-01 04:01:32,822 log Not Found: /api/v1/accounts/patients/{user_id}/
WARNING 2025-11-01 04:01:33,036 log Not Found: /api/v1/accounts/patients/{user_id}/logo.png
WARNING 2025-11-01 04:01:47,329 log Not Found: /api/v1/accounts/patients/{5}/
WARNING 2025-11-01 04:01:47,463 log Not Found: /api/v1/accounts/patients/{5}/logo.png
WARNING 2025-11-01 04:02:42,178 log Not Found: /api/v1/accounts/GET /api/v1/accounts/students//
WARNING 2025-11-01 04:02:42,339 log Not Found: /api/v1/accounts/GET /api/v1/accounts/students//logo.png
WARNING 2025-11-01 04:02:56,703 log Not Found: /api/v1/accounts/patients/logo.png
WARNING 2025-11-01 04:03:07,148 log Not Found: /api/v1/accounts/students/logo.png
WARNING 2025-11-01 04:04:10,048 log Method Not Allowed: /api/v1/universities/create/
WARNING 2025-11-01 04:04:10,312 log Not Found: /api/v1/universities/create/logo.png
WARNING 2025-11-01 04:04:59,251 log Not Found: /api/v1/universities/{pk}/
WARNING 2025-11-01 04:04:59,369 log Not Found: /api/v1/universities/{pk}/logo.png
WARNING 2025-11-01 04:05:01,971 log Method Not Allowed: /api/v1/universities/create/
WARNING 2025-11-01 04:05:15,383 log Not Found: /api/v1/universities/1
WARNING 2025-11-01 04:05:15,530 log Not Found: /api/v1/universities/logo.png
WARNING 2025-11-01 04:07:52,881 log Not Found: /api/v1/universities/logo.png
WARNING 2025-11-01 04:08:03,300 log Not Found: /api/v1/universities/37dcbd35-c539-499e-8473-16f16d6d1b91/logo.png
WARNING 2025-11-01 04:08:43,053 log Not Found: /api/v1/universities/37dcbd35-c539-499e-8473-16f16d6d1b91//courses/
WARNING 2025-11-01 04:08:43,225 log Not Found: /api/v1/universities/37dcbd35-c539-499e-8473-16f16d6d1b91//courses/logo.png
WARNING 2025-11-01 04:08:50,609 log Not Found: /api/v1/universities/37dcbd35-c539-499e-8473-16f16d6d1b91/courses/logo.png
WARNING 2025-11-01 04:09:22,337 log Method Not Allowed: /api/v1/universities/37dcbd35-c539-499e-8473-16f16d6d1b91/courses/create/
WARNING 2025-11-01 04:09:22,506 log Not Found: /api/v1/universities/37dcbd35-c539-499e-8473-16f16d6d1b91/courses/create/logo.png
ERROR 2025-11-01 04:09:35,968 log Internal Server Error: /api/v1/universities/37dcbd35-c539-499e-8473-16f16d6d1b91/courses/create/
ERROR 2025-11-01 04:14:30,991 log Internal Server Error: /api/v1/accounts/register/student/
ERROR 2025-11-01 04:14:48,797 log Internal Server Error: /api/v1/accounts/register/student/
INFO 2025-11-01 04:18:14,194 autoreload A:\graduation\files\BackendV4\apps\accounts\models.py changed, reloading.
INFO 2025-11-01 04:18:21,860 autoreload Watching for file changes with StatReloader
INFO 2025-11-01 04:18:26,883 autoreload A:\graduation\files\BackendV4\apps\accounts\serializers.py changed, reloading.
INFO 2025-11-01 04:18:28,977 autoreload Watching for file changes with StatReloader
INFO 2025-11-01 04:18:44,067 autoreload A:\graduation\files\BackendV4\apps\accounts\views.py changed, reloading.
INFO 2025-11-01 04:18:45,302 autoreload Watching for file changes with StatReloader
INFO 2025-11-01 04:19:12,201 autoreload A:\graduation\files\BackendV4\apps\accounts\urls.py changed, reloading.
INFO 2025-11-01 04:19:13,535 autoreload Watching for file changes with StatReloader
INFO 2025-11-01 04:21:21,668 autoreload A:\graduation\files\BackendV4\apps\accounts\serializers.py changed, reloading.
INFO 2025-11-01 04:21:23,634 autoreload Watching for file changes with StatReloader
INFO 2025-11-01 04:25:56,842 autoreload A:\graduation\files\BackendV4\apps\accounts\serializers.py changed, reloading.
INFO 2025-11-01 04:25:58,569 autoreload Watching for file changes with StatReloader
WARNING 2025-11-01 04:26:08,946 log Not Found: /api/v1/accounts/users/logo.png
ERROR 2025-11-01 04:26:55,683 log Internal Server Error: /api/v1/accounts/users/create/
Traceback (most recent call last):
  File "A:\graduation\files\BackendV4\venv\Lib\site-packages\django\core\handlers\exception.py", line 55, in inner
    response = get_response(request)
               ^^^^^^^^^^^^^^^^^^^^^
  File "A:\graduation\files\BackendV4\venv\Lib\site-packages\django\core\handlers\base.py", line 220, in _get_response
    response = response.render()
               ^^^^^^^^^^^^^^^^^
  File "A:\graduation\files\BackendV4\venv\Lib\site-packages\django\template\response.py", line 114, in render
    self.content = self.rendered_content
                   ^^^^^^^^^^^^^^^^^^^^^
  File "A:\graduation\files\BackendV4\venv\Lib\site-packages\rest_framework\response.py", line 74, in rendered_content
    ret = renderer.render(self.data, accepted_media_type, context)
          ^^^^^^^^^^^^^^^^^^^^^^^^^^^^^^^^^^^^^^^^^^^^^^^^^^^^^^^^
  File "A:\graduation\files\BackendV4\venv\Lib\site-packages\rest_framework\renderers.py", line 727, in render
    context = self.get_context(data, accepted_media_type, renderer_context)
              ^^^^^^^^^^^^^^^^^^^^^^^^^^^^^^^^^^^^^^^^^^^^^^^^^^^^^^^^^^^^^
  File "A:\graduation\files\BackendV4\venv\Lib\site-packages\rest_framework\renderers.py", line 658, in get_context
    raw_data_post_form = self.get_raw_data_form(data, view, 'POST', request)
                         ^^^^^^^^^^^^^^^^^^^^^^^^^^^^^^^^^^^^^^^^^^^^^^^^^^^
  File "A:\graduation\files\BackendV4\venv\Lib\site-packages\rest_framework\renderers.py", line 565, in get_raw_data_form
    data = serializer.data.copy()
           ^^^^^^^^^^^^^^^
  File "A:\graduation\files\BackendV4\venv\Lib\site-packages\rest_framework\serializers.py", line 571, in data
    ret = super().data
          ^^^^^^^^^^^^
  File "A:\graduation\files\BackendV4\venv\Lib\site-packages\rest_framework\serializers.py", line 253, in data
    self._data = self.get_initial()
                 ^^^^^^^^^^^^^^^^^^
  File "A:\graduation\files\BackendV4\venv\Lib\site-packages\rest_framework\serializers.py", line 421, in get_initial
    for field in self.fields.values()
                 ^^^^^^^^^^^
  File "A:\graduation\files\BackendV4\venv\Lib\site-packages\django\utils\functional.py", line 47, in __get__
    res = instance.__dict__[self.name] = self.func(instance)
                                         ^^^^^^^^^^^^^^^^^^^
  File "A:\graduation\files\BackendV4\venv\Lib\site-packages\rest_framework\serializers.py", line 372, in fields
    for key, value in self.get_fields().items():
                      ^^^^^^^^^^^^^^^^^
  File "A:\graduation\files\BackendV4\venv\Lib\site-packages\rest_framework\serializers.py", line 1103, in get_fields
    field_class, field_kwargs = self.build_field(
                                ^^^^^^^^^^^^^^^^^
  File "A:\graduation\files\BackendV4\venv\Lib\site-packages\rest_framework\serializers.py", line 1249, in build_field
    return self.build_unknown_field(field_name, model_class)
           ^^^^^^^^^^^^^^^^^^^^^^^^^^^^^^^^^^^^^^^^^^^^^^^^^
  File "A:\graduation\files\BackendV4\venv\Lib\site-packages\rest_framework\serializers.py", line 1367, in build_unknown_field
    raise ImproperlyConfigured(
django.core.exceptions.ImproperlyConfigured: Field name `role` is not valid for model `User` in `apps.accounts.serializers.UserCreateSerializer`.
WARNING 2025-11-01 04:26:56,161 log Not Found: /api/v1/accounts/users/create/logo.png
ERROR 2025-11-01 04:27:44,069 log Internal Server Error: /api/v1/accounts/users/create/
Traceback (most recent call last):
  File "A:\graduation\files\BackendV4\venv\Lib\site-packages\django\core\handlers\exception.py", line 55, in inner
    response = get_response(request)
               ^^^^^^^^^^^^^^^^^^^^^
  File "A:\graduation\files\BackendV4\venv\Lib\site-packages\django\core\handlers\base.py", line 220, in _get_response
    response = response.render()
               ^^^^^^^^^^^^^^^^^
  File "A:\graduation\files\BackendV4\venv\Lib\site-packages\django\template\response.py", line 114, in render
    self.content = self.rendered_content
                   ^^^^^^^^^^^^^^^^^^^^^
  File "A:\graduation\files\BackendV4\venv\Lib\site-packages\rest_framework\response.py", line 74, in rendered_content
    ret = renderer.render(self.data, accepted_media_type, context)
          ^^^^^^^^^^^^^^^^^^^^^^^^^^^^^^^^^^^^^^^^^^^^^^^^^^^^^^^^
  File "A:\graduation\files\BackendV4\venv\Lib\site-packages\rest_framework\renderers.py", line 727, in render
    context = self.get_context(data, accepted_media_type, renderer_context)
              ^^^^^^^^^^^^^^^^^^^^^^^^^^^^^^^^^^^^^^^^^^^^^^^^^^^^^^^^^^^^^
  File "A:\graduation\files\BackendV4\venv\Lib\site-packages\rest_framework\renderers.py", line 658, in get_context
    raw_data_post_form = self.get_raw_data_form(data, view, 'POST', request)
                         ^^^^^^^^^^^^^^^^^^^^^^^^^^^^^^^^^^^^^^^^^^^^^^^^^^^
  File "A:\graduation\files\BackendV4\venv\Lib\site-packages\rest_framework\renderers.py", line 565, in get_raw_data_form
    data = serializer.data.copy()
           ^^^^^^^^^^^^^^^
  File "A:\graduation\files\BackendV4\venv\Lib\site-packages\rest_framework\serializers.py", line 571, in data
    ret = super().data
          ^^^^^^^^^^^^
  File "A:\graduation\files\BackendV4\venv\Lib\site-packages\rest_framework\serializers.py", line 253, in data
    self._data = self.get_initial()
                 ^^^^^^^^^^^^^^^^^^
  File "A:\graduation\files\BackendV4\venv\Lib\site-packages\rest_framework\serializers.py", line 421, in get_initial
    for field in self.fields.values()
                 ^^^^^^^^^^^
  File "A:\graduation\files\BackendV4\venv\Lib\site-packages\django\utils\functional.py", line 47, in __get__
    res = instance.__dict__[self.name] = self.func(instance)
                                         ^^^^^^^^^^^^^^^^^^^
  File "A:\graduation\files\BackendV4\venv\Lib\site-packages\rest_framework\serializers.py", line 372, in fields
    for key, value in self.get_fields().items():
                      ^^^^^^^^^^^^^^^^^
  File "A:\graduation\files\BackendV4\venv\Lib\site-packages\rest_framework\serializers.py", line 1103, in get_fields
    field_class, field_kwargs = self.build_field(
                                ^^^^^^^^^^^^^^^^^
  File "A:\graduation\files\BackendV4\venv\Lib\site-packages\rest_framework\serializers.py", line 1249, in build_field
    return self.build_unknown_field(field_name, model_class)
           ^^^^^^^^^^^^^^^^^^^^^^^^^^^^^^^^^^^^^^^^^^^^^^^^^
  File "A:\graduation\files\BackendV4\venv\Lib\site-packages\rest_framework\serializers.py", line 1367, in build_unknown_field
    raise ImproperlyConfigured(
django.core.exceptions.ImproperlyConfigured: Field name `role` is not valid for model `User` in `apps.accounts.serializers.UserCreateSerializer`.
WARNING 2025-11-01 04:27:44,391 log Not Found: /api/v1/accounts/users/create/logo.png
ERROR 2025-11-01 04:27:59,532 log Internal Server Error: /api/v1/accounts/users/create/
Traceback (most recent call last):
  File "A:\graduation\files\BackendV4\venv\Lib\site-packages\django\core\handlers\exception.py", line 55, in inner
    response = get_response(request)
               ^^^^^^^^^^^^^^^^^^^^^
  File "A:\graduation\files\BackendV4\venv\Lib\site-packages\django\core\handlers\base.py", line 220, in _get_response
    response = response.render()
               ^^^^^^^^^^^^^^^^^
  File "A:\graduation\files\BackendV4\venv\Lib\site-packages\django\template\response.py", line 114, in render
    self.content = self.rendered_content
                   ^^^^^^^^^^^^^^^^^^^^^
  File "A:\graduation\files\BackendV4\venv\Lib\site-packages\rest_framework\response.py", line 74, in rendered_content
    ret = renderer.render(self.data, accepted_media_type, context)
          ^^^^^^^^^^^^^^^^^^^^^^^^^^^^^^^^^^^^^^^^^^^^^^^^^^^^^^^^
  File "A:\graduation\files\BackendV4\venv\Lib\site-packages\rest_framework\renderers.py", line 727, in render
    context = self.get_context(data, accepted_media_type, renderer_context)
              ^^^^^^^^^^^^^^^^^^^^^^^^^^^^^^^^^^^^^^^^^^^^^^^^^^^^^^^^^^^^^
  File "A:\graduation\files\BackendV4\venv\Lib\site-packages\rest_framework\renderers.py", line 658, in get_context
    raw_data_post_form = self.get_raw_data_form(data, view, 'POST', request)
                         ^^^^^^^^^^^^^^^^^^^^^^^^^^^^^^^^^^^^^^^^^^^^^^^^^^^
  File "A:\graduation\files\BackendV4\venv\Lib\site-packages\rest_framework\renderers.py", line 565, in get_raw_data_form
    data = serializer.data.copy()
           ^^^^^^^^^^^^^^^
  File "A:\graduation\files\BackendV4\venv\Lib\site-packages\rest_framework\serializers.py", line 571, in data
    ret = super().data
          ^^^^^^^^^^^^
  File "A:\graduation\files\BackendV4\venv\Lib\site-packages\rest_framework\serializers.py", line 253, in data
    self._data = self.get_initial()
                 ^^^^^^^^^^^^^^^^^^
  File "A:\graduation\files\BackendV4\venv\Lib\site-packages\rest_framework\serializers.py", line 421, in get_initial
    for field in self.fields.values()
                 ^^^^^^^^^^^
  File "A:\graduation\files\BackendV4\venv\Lib\site-packages\django\utils\functional.py", line 47, in __get__
    res = instance.__dict__[self.name] = self.func(instance)
                                         ^^^^^^^^^^^^^^^^^^^
  File "A:\graduation\files\BackendV4\venv\Lib\site-packages\rest_framework\serializers.py", line 372, in fields
    for key, value in self.get_fields().items():
                      ^^^^^^^^^^^^^^^^^
  File "A:\graduation\files\BackendV4\venv\Lib\site-packages\rest_framework\serializers.py", line 1103, in get_fields
    field_class, field_kwargs = self.build_field(
                                ^^^^^^^^^^^^^^^^^
  File "A:\graduation\files\BackendV4\venv\Lib\site-packages\rest_framework\serializers.py", line 1249, in build_field
    return self.build_unknown_field(field_name, model_class)
           ^^^^^^^^^^^^^^^^^^^^^^^^^^^^^^^^^^^^^^^^^^^^^^^^^
  File "A:\graduation\files\BackendV4\venv\Lib\site-packages\rest_framework\serializers.py", line 1367, in build_unknown_field
    raise ImproperlyConfigured(
django.core.exceptions.ImproperlyConfigured: Field name `role` is not valid for model `User` in `apps.accounts.serializers.UserCreateSerializer`.
WARNING 2025-11-01 04:27:59,786 log Not Found: /api/v1/accounts/users/create/logo.png
ERROR 2025-11-01 04:28:00,938 log Internal Server Error: /api/v1/accounts/users/create/
Traceback (most recent call last):
  File "A:\graduation\files\BackendV4\venv\Lib\site-packages\django\core\handlers\exception.py", line 55, in inner
    response = get_response(request)
               ^^^^^^^^^^^^^^^^^^^^^
  File "A:\graduation\files\BackendV4\venv\Lib\site-packages\django\core\handlers\base.py", line 220, in _get_response
    response = response.render()
               ^^^^^^^^^^^^^^^^^
  File "A:\graduation\files\BackendV4\venv\Lib\site-packages\django\template\response.py", line 114, in render
    self.content = self.rendered_content
                   ^^^^^^^^^^^^^^^^^^^^^
  File "A:\graduation\files\BackendV4\venv\Lib\site-packages\rest_framework\response.py", line 74, in rendered_content
    ret = renderer.render(self.data, accepted_media_type, context)
          ^^^^^^^^^^^^^^^^^^^^^^^^^^^^^^^^^^^^^^^^^^^^^^^^^^^^^^^^
  File "A:\graduation\files\BackendV4\venv\Lib\site-packages\rest_framework\renderers.py", line 727, in render
    context = self.get_context(data, accepted_media_type, renderer_context)
              ^^^^^^^^^^^^^^^^^^^^^^^^^^^^^^^^^^^^^^^^^^^^^^^^^^^^^^^^^^^^^
  File "A:\graduation\files\BackendV4\venv\Lib\site-packages\rest_framework\renderers.py", line 658, in get_context
    raw_data_post_form = self.get_raw_data_form(data, view, 'POST', request)
                         ^^^^^^^^^^^^^^^^^^^^^^^^^^^^^^^^^^^^^^^^^^^^^^^^^^^
  File "A:\graduation\files\BackendV4\venv\Lib\site-packages\rest_framework\renderers.py", line 565, in get_raw_data_form
    data = serializer.data.copy()
           ^^^^^^^^^^^^^^^
  File "A:\graduation\files\BackendV4\venv\Lib\site-packages\rest_framework\serializers.py", line 571, in data
    ret = super().data
          ^^^^^^^^^^^^
  File "A:\graduation\files\BackendV4\venv\Lib\site-packages\rest_framework\serializers.py", line 253, in data
    self._data = self.get_initial()
                 ^^^^^^^^^^^^^^^^^^
  File "A:\graduation\files\BackendV4\venv\Lib\site-packages\rest_framework\serializers.py", line 421, in get_initial
    for field in self.fields.values()
                 ^^^^^^^^^^^
  File "A:\graduation\files\BackendV4\venv\Lib\site-packages\django\utils\functional.py", line 47, in __get__
    res = instance.__dict__[self.name] = self.func(instance)
                                         ^^^^^^^^^^^^^^^^^^^
  File "A:\graduation\files\BackendV4\venv\Lib\site-packages\rest_framework\serializers.py", line 372, in fields
    for key, value in self.get_fields().items():
                      ^^^^^^^^^^^^^^^^^
  File "A:\graduation\files\BackendV4\venv\Lib\site-packages\rest_framework\serializers.py", line 1103, in get_fields
    field_class, field_kwargs = self.build_field(
                                ^^^^^^^^^^^^^^^^^
  File "A:\graduation\files\BackendV4\venv\Lib\site-packages\rest_framework\serializers.py", line 1249, in build_field
    return self.build_unknown_field(field_name, model_class)
           ^^^^^^^^^^^^^^^^^^^^^^^^^^^^^^^^^^^^^^^^^^^^^^^^^
  File "A:\graduation\files\BackendV4\venv\Lib\site-packages\rest_framework\serializers.py", line 1367, in build_unknown_field
    raise ImproperlyConfigured(
django.core.exceptions.ImproperlyConfigured: Field name `role` is not valid for model `User` in `apps.accounts.serializers.UserCreateSerializer`.
WARNING 2025-11-01 04:28:01,191 log Not Found: /api/v1/accounts/users/create/logo.png
WARNING 2025-11-01 04:28:40,498 log Not Found: /api/v1/accounts/
WARNING 2025-11-01 04:28:42,420 log Not Found: /api/v1/accounts/patients/logo.png
ERROR 2025-11-01 04:28:58,526 log Internal Server Error: /api/v1/accounts/patients/create/
Traceback (most recent call last):
  File "A:\graduation\files\BackendV4\venv\Lib\site-packages\django\core\handlers\exception.py", line 55, in inner
    response = get_response(request)
               ^^^^^^^^^^^^^^^^^^^^^
  File "A:\graduation\files\BackendV4\venv\Lib\site-packages\django\core\handlers\base.py", line 220, in _get_response
    response = response.render()
               ^^^^^^^^^^^^^^^^^
  File "A:\graduation\files\BackendV4\venv\Lib\site-packages\django\template\response.py", line 114, in render
    self.content = self.rendered_content
                   ^^^^^^^^^^^^^^^^^^^^^
  File "A:\graduation\files\BackendV4\venv\Lib\site-packages\rest_framework\response.py", line 74, in rendered_content
    ret = renderer.render(self.data, accepted_media_type, context)
          ^^^^^^^^^^^^^^^^^^^^^^^^^^^^^^^^^^^^^^^^^^^^^^^^^^^^^^^^
  File "A:\graduation\files\BackendV4\venv\Lib\site-packages\rest_framework\renderers.py", line 727, in render
    context = self.get_context(data, accepted_media_type, renderer_context)
              ^^^^^^^^^^^^^^^^^^^^^^^^^^^^^^^^^^^^^^^^^^^^^^^^^^^^^^^^^^^^^
  File "A:\graduation\files\BackendV4\venv\Lib\site-packages\rest_framework\renderers.py", line 658, in get_context
    raw_data_post_form = self.get_raw_data_form(data, view, 'POST', request)
                         ^^^^^^^^^^^^^^^^^^^^^^^^^^^^^^^^^^^^^^^^^^^^^^^^^^^
  File "A:\graduation\files\BackendV4\venv\Lib\site-packages\rest_framework\renderers.py", line 565, in get_raw_data_form
    data = serializer.data.copy()
           ^^^^^^^^^^^^^^^
  File "A:\graduation\files\BackendV4\venv\Lib\site-packages\rest_framework\serializers.py", line 571, in data
    ret = super().data
          ^^^^^^^^^^^^
  File "A:\graduation\files\BackendV4\venv\Lib\site-packages\rest_framework\serializers.py", line 253, in data
    self._data = self.get_initial()
                 ^^^^^^^^^^^^^^^^^^
  File "A:\graduation\files\BackendV4\venv\Lib\site-packages\rest_framework\serializers.py", line 421, in get_initial
    for field in self.fields.values()
                 ^^^^^^^^^^^
  File "A:\graduation\files\BackendV4\venv\Lib\site-packages\django\utils\functional.py", line 47, in __get__
    res = instance.__dict__[self.name] = self.func(instance)
                                         ^^^^^^^^^^^^^^^^^^^
  File "A:\graduation\files\BackendV4\venv\Lib\site-packages\rest_framework\serializers.py", line 372, in fields
    for key, value in self.get_fields().items():
                      ^^^^^^^^^^^^^^^^^
  File "A:\graduation\files\BackendV4\venv\Lib\site-packages\rest_framework\serializers.py", line 1103, in get_fields
    field_class, field_kwargs = self.build_field(
                                ^^^^^^^^^^^^^^^^^
  File "A:\graduation\files\BackendV4\venv\Lib\site-packages\rest_framework\serializers.py", line 1249, in build_field
    return self.build_unknown_field(field_name, model_class)
           ^^^^^^^^^^^^^^^^^^^^^^^^^^^^^^^^^^^^^^^^^^^^^^^^^
  File "A:\graduation\files\BackendV4\venv\Lib\site-packages\rest_framework\serializers.py", line 1367, in build_unknown_field
    raise ImproperlyConfigured(
django.core.exceptions.ImproperlyConfigured: Field name `role` is not valid for model `User` in `apps.accounts.serializers.PatientCreateSerializer`.
WARNING 2025-11-01 04:28:58,871 log Not Found: /api/v1/accounts/patients/create/logo.png
WARNING 2025-11-01 04:29:43,688 log Not Found: /api/v1/accounts/students/logo.png
WARNING 2025-11-01 04:30:00,190 log Not Found: /api/v1/accounts/students/9
WARNING 2025-11-01 04:30:00,308 log Not Found: /api/v1/accounts/students/logo.png
WARNING 2025-11-01 04:30:04,665 log Not Found: /api/v1/accounts/students/logo.png
ERROR 2025-11-01 04:30:31,304 log Internal Server Error: /api/v1/accounts/students/create/
Traceback (most recent call last):
  File "A:\graduation\files\BackendV4\venv\Lib\site-packages\django\core\handlers\exception.py", line 55, in inner
    response = get_response(request)
               ^^^^^^^^^^^^^^^^^^^^^
  File "A:\graduation\files\BackendV4\venv\Lib\site-packages\django\core\handlers\base.py", line 220, in _get_response
    response = response.render()
               ^^^^^^^^^^^^^^^^^
  File "A:\graduation\files\BackendV4\venv\Lib\site-packages\django\template\response.py", line 114, in render
    self.content = self.rendered_content
                   ^^^^^^^^^^^^^^^^^^^^^
  File "A:\graduation\files\BackendV4\venv\Lib\site-packages\rest_framework\response.py", line 74, in rendered_content
    ret = renderer.render(self.data, accepted_media_type, context)
          ^^^^^^^^^^^^^^^^^^^^^^^^^^^^^^^^^^^^^^^^^^^^^^^^^^^^^^^^
  File "A:\graduation\files\BackendV4\venv\Lib\site-packages\rest_framework\renderers.py", line 727, in render
    context = self.get_context(data, accepted_media_type, renderer_context)
              ^^^^^^^^^^^^^^^^^^^^^^^^^^^^^^^^^^^^^^^^^^^^^^^^^^^^^^^^^^^^^
  File "A:\graduation\files\BackendV4\venv\Lib\site-packages\rest_framework\renderers.py", line 658, in get_context
    raw_data_post_form = self.get_raw_data_form(data, view, 'POST', request)
                         ^^^^^^^^^^^^^^^^^^^^^^^^^^^^^^^^^^^^^^^^^^^^^^^^^^^
  File "A:\graduation\files\BackendV4\venv\Lib\site-packages\rest_framework\renderers.py", line 565, in get_raw_data_form
    data = serializer.data.copy()
           ^^^^^^^^^^^^^^^
  File "A:\graduation\files\BackendV4\venv\Lib\site-packages\rest_framework\serializers.py", line 571, in data
    ret = super().data
          ^^^^^^^^^^^^
  File "A:\graduation\files\BackendV4\venv\Lib\site-packages\rest_framework\serializers.py", line 253, in data
    self._data = self.get_initial()
                 ^^^^^^^^^^^^^^^^^^
  File "A:\graduation\files\BackendV4\venv\Lib\site-packages\rest_framework\serializers.py", line 421, in get_initial
    for field in self.fields.values()
                 ^^^^^^^^^^^
  File "A:\graduation\files\BackendV4\venv\Lib\site-packages\django\utils\functional.py", line 47, in __get__
    res = instance.__dict__[self.name] = self.func(instance)
                                         ^^^^^^^^^^^^^^^^^^^
  File "A:\graduation\files\BackendV4\venv\Lib\site-packages\rest_framework\serializers.py", line 372, in fields
    for key, value in self.get_fields().items():
                      ^^^^^^^^^^^^^^^^^
  File "A:\graduation\files\BackendV4\venv\Lib\site-packages\rest_framework\serializers.py", line 1103, in get_fields
    field_class, field_kwargs = self.build_field(
                                ^^^^^^^^^^^^^^^^^
  File "A:\graduation\files\BackendV4\venv\Lib\site-packages\rest_framework\serializers.py", line 1249, in build_field
    return self.build_unknown_field(field_name, model_class)
           ^^^^^^^^^^^^^^^^^^^^^^^^^^^^^^^^^^^^^^^^^^^^^^^^^
  File "A:\graduation\files\BackendV4\venv\Lib\site-packages\rest_framework\serializers.py", line 1367, in build_unknown_field
    raise ImproperlyConfigured(
django.core.exceptions.ImproperlyConfigured: Field name `role` is not valid for model `User` in `apps.accounts.serializers.StudentCreateSerializer`.
WARNING 2025-11-01 04:30:31,579 log Not Found: /api/v1/accounts/students/create/logo.png
WARNING 2025-11-01 04:31:21,103 log Not Found: /api/v1/accounts/students/{9}/update/
WARNING 2025-11-01 04:31:21,222 log Not Found: /api/v1/accounts/students/{9}/update/logo.png
WARNING 2025-11-01 04:32:01,790 log Not Found: /api/v1/accounts/students/<uuid:user_id>/update/
WARNING 2025-11-01 04:32:01,991 log Not Found: /api/v1/accounts/students/<uuid:user_id>/update/logo.png
WARNING 2025-11-01 04:32:35,862 log Not Found: /api/v1/accounts/students/S2023001
WARNING 2025-11-01 04:32:36,110 log Not Found: /api/v1/accounts/students/logo.png
WARNING 2025-11-01 04:33:38,462 log Not Found: /api/v1/accounts/students/9
WARNING 2025-11-01 04:33:38,629 log Not Found: /api/v1/accounts/students/logo.png
INFO 2025-11-01 04:39:14,188 autoreload A:\graduation\files\BackendV4\apps\accounts\serializers.py changed, reloading.
INFO 2025-11-01 04:39:20,266 autoreload Watching for file changes with StatReloader
INFO 2025-11-01 04:39:25,071 autoreload A:\graduation\files\BackendV4\apps\accounts\views.py changed, reloading.
INFO 2025-11-01 04:39:28,796 autoreload Watching for file changes with StatReloader
INFO 2025-11-01 04:39:39,317 autoreload A:\graduation\files\BackendV4\apps\accounts\views.py changed, reloading.
INFO 2025-11-01 04:39:40,697 autoreload Watching for file changes with StatReloader
INFO 2025-11-01 04:39:48,504 autoreload A:\graduation\files\BackendV4\apps\accounts\urls.py changed, reloading.
INFO 2025-11-01 04:39:49,772 autoreload Watching for file changes with StatReloader
INFO 2025-11-01 04:40:22,511 autoreload A:\graduation\files\BackendV4\apps\accounts\models.py changed, reloading.
INFO 2025-11-01 04:40:25,453 autoreload Watching for file changes with StatReloader
INFO 2025-11-01 04:40:44,407 autoreload Watching for file changes with StatReloader
WARNING 2025-11-01 04:42:36,638 log Not Found: /api/v1/accounts/users/logo.png
WARNING 2025-11-01 04:43:01,308 log Method Not Allowed: /api/v1/accounts/users/create/
WARNING 2025-11-01 04:43:01,490 log Not Found: /api/v1/accounts/users/create/logo.png
ERROR 2025-11-01 04:43:20,332 log Internal Server Error: /api/v1/accounts/users/create/
WARNING 2025-11-01 04:44:19,554 log Not Found: /api/v1/accounts/users/logo.png
WARNING 2025-11-01 04:44:27,779 log Not Found: /api/v1/accounts/students/logo.png
WARNING 2025-11-01 04:44:43,845 log Method Not Allowed: /api/v1/accounts/students/create/
WARNING 2025-11-01 04:44:44,013 log Not Found: /api/v1/accounts/students/create/logo.png
ERROR 2025-11-01 04:45:59,659 log Internal Server Error: /api/v1/accounts/students/create/
WARNING 2025-11-01 04:46:43,487 log Method Not Allowed: /api/v1/accounts/patients/create/
WARNING 2025-11-01 04:46:43,720 log Not Found: /api/v1/accounts/patients/create/logo.png
ERROR 2025-11-01 04:46:58,498 log Internal Server Error: /api/v1/accounts/patients/create/
INFO 2025-11-01 04:53:05,646 autoreload A:\graduation\files\BackendV4\apps\accounts\serializers.py changed, reloading.
INFO 2025-11-01 04:53:15,127 autoreload Watching for file changes with StatReloader
INFO 2025-11-01 04:53:39,144 autoreload A:\graduation\files\BackendV4\apps\accounts\views.py changed, reloading.
INFO 2025-11-01 04:53:44,876 autoreload Watching for file changes with StatReloader
INFO 2025-11-01 04:54:51,962 autoreload A:\graduation\files\BackendV4\apps\accounts\serializers.py changed, reloading.
INFO 2025-11-01 04:54:54,772 autoreload Watching for file changes with StatReloader
INFO 2025-11-01 04:55:16,521 autoreload A:\graduation\files\BackendV4\apps\accounts\serializers.py changed, reloading.
INFO 2025-11-01 04:55:19,190 autoreload Watching for file changes with StatReloader
INFO 2025-11-01 04:59:18,224 autoreload A:\graduation\files\BackendV4\apps\accounts\serializers.py changed, reloading.
INFO 2025-11-01 04:59:24,112 autoreload Watching for file changes with StatReloader
INFO 2025-11-01 04:59:29,836 autoreload A:\graduation\files\BackendV4\apps\accounts\views.py changed, reloading.
INFO 2025-11-01 04:59:32,685 autoreload Watching for file changes with StatReloader
INFO 2025-11-01 04:59:54,379 autoreload A:\graduation\files\BackendV4\apps\accounts\urls.py changed, reloading.
INFO 2025-11-01 04:59:57,752 autoreload Watching for file changes with StatReloader
WARNING 2025-11-01 05:01:51,280 log Not Found: /api/v1/accounts/patients/logo.png
WARNING 2025-11-01 05:02:11,569 log Not Found: /api/v1/accounts/users/logo.png
ERROR 2025-11-01 05:02:30,347 log Internal Server Error: /api/v1/accounts/patients/create/
Traceback (most recent call last):
  File "A:\graduation\files\BackendV4\venv\Lib\site-packages\django\core\handlers\exception.py", line 55, in inner
    response = get_response(request)
               ^^^^^^^^^^^^^^^^^^^^^
  File "A:\graduation\files\BackendV4\venv\Lib\site-packages\django\core\handlers\base.py", line 220, in _get_response
    response = response.render()
               ^^^^^^^^^^^^^^^^^
  File "A:\graduation\files\BackendV4\venv\Lib\site-packages\django\template\response.py", line 114, in render
    self.content = self.rendered_content
                   ^^^^^^^^^^^^^^^^^^^^^
  File "A:\graduation\files\BackendV4\venv\Lib\site-packages\rest_framework\response.py", line 74, in rendered_content
    ret = renderer.render(self.data, accepted_media_type, context)
          ^^^^^^^^^^^^^^^^^^^^^^^^^^^^^^^^^^^^^^^^^^^^^^^^^^^^^^^^
  File "A:\graduation\files\BackendV4\venv\Lib\site-packages\rest_framework\renderers.py", line 727, in render
    context = self.get_context(data, accepted_media_type, renderer_context)
              ^^^^^^^^^^^^^^^^^^^^^^^^^^^^^^^^^^^^^^^^^^^^^^^^^^^^^^^^^^^^^
  File "A:\graduation\files\BackendV4\venv\Lib\site-packages\rest_framework\renderers.py", line 658, in get_context
    raw_data_post_form = self.get_raw_data_form(data, view, 'POST', request)
                         ^^^^^^^^^^^^^^^^^^^^^^^^^^^^^^^^^^^^^^^^^^^^^^^^^^^
  File "A:\graduation\files\BackendV4\venv\Lib\site-packages\rest_framework\renderers.py", line 565, in get_raw_data_form
    data = serializer.data.copy()
           ^^^^^^^^^^^^^^^
  File "A:\graduation\files\BackendV4\venv\Lib\site-packages\rest_framework\serializers.py", line 571, in data
    ret = super().data
          ^^^^^^^^^^^^
  File "A:\graduation\files\BackendV4\venv\Lib\site-packages\rest_framework\serializers.py", line 253, in data
    self._data = self.get_initial()
                 ^^^^^^^^^^^^^^^^^^
  File "A:\graduation\files\BackendV4\venv\Lib\site-packages\rest_framework\serializers.py", line 421, in get_initial
    for field in self.fields.values()
                 ^^^^^^^^^^^
  File "A:\graduation\files\BackendV4\venv\Lib\site-packages\django\utils\functional.py", line 47, in __get__
    res = instance.__dict__[self.name] = self.func(instance)
                                         ^^^^^^^^^^^^^^^^^^^
  File "A:\graduation\files\BackendV4\venv\Lib\site-packages\rest_framework\serializers.py", line 372, in fields
    for key, value in self.get_fields().items():
                      ^^^^^^^^^^^^^^^^^
  File "A:\graduation\files\BackendV4\venv\Lib\site-packages\rest_framework\serializers.py", line 1103, in get_fields
    field_class, field_kwargs = self.build_field(
                                ^^^^^^^^^^^^^^^^^
  File "A:\graduation\files\BackendV4\venv\Lib\site-packages\rest_framework\serializers.py", line 1249, in build_field
    return self.build_unknown_field(field_name, model_class)
           ^^^^^^^^^^^^^^^^^^^^^^^^^^^^^^^^^^^^^^^^^^^^^^^^^
  File "A:\graduation\files\BackendV4\venv\Lib\site-packages\rest_framework\serializers.py", line 1367, in build_unknown_field
    raise ImproperlyConfigured(
django.core.exceptions.ImproperlyConfigured: Field name `phone_number` is not valid for model `User` in `apps.accounts.serializers.PatientCreateSerializer`.
WARNING 2025-11-01 05:02:30,812 log Not Found: /api/v1/accounts/patients/create/logo.png
ERROR 2025-11-01 05:03:13,310 log Internal Server Error: /api/v1/accounts/students/create/
Traceback (most recent call last):
  File "A:\graduation\files\BackendV4\venv\Lib\site-packages\django\core\handlers\exception.py", line 55, in inner
    response = get_response(request)
               ^^^^^^^^^^^^^^^^^^^^^
  File "A:\graduation\files\BackendV4\venv\Lib\site-packages\django\core\handlers\base.py", line 220, in _get_response
    response = response.render()
               ^^^^^^^^^^^^^^^^^
  File "A:\graduation\files\BackendV4\venv\Lib\site-packages\django\template\response.py", line 114, in render
    self.content = self.rendered_content
                   ^^^^^^^^^^^^^^^^^^^^^
  File "A:\graduation\files\BackendV4\venv\Lib\site-packages\rest_framework\response.py", line 74, in rendered_content
    ret = renderer.render(self.data, accepted_media_type, context)
          ^^^^^^^^^^^^^^^^^^^^^^^^^^^^^^^^^^^^^^^^^^^^^^^^^^^^^^^^
  File "A:\graduation\files\BackendV4\venv\Lib\site-packages\rest_framework\renderers.py", line 727, in render
    context = self.get_context(data, accepted_media_type, renderer_context)
              ^^^^^^^^^^^^^^^^^^^^^^^^^^^^^^^^^^^^^^^^^^^^^^^^^^^^^^^^^^^^^
  File "A:\graduation\files\BackendV4\venv\Lib\site-packages\rest_framework\renderers.py", line 658, in get_context
    raw_data_post_form = self.get_raw_data_form(data, view, 'POST', request)
                         ^^^^^^^^^^^^^^^^^^^^^^^^^^^^^^^^^^^^^^^^^^^^^^^^^^^
  File "A:\graduation\files\BackendV4\venv\Lib\site-packages\rest_framework\renderers.py", line 565, in get_raw_data_form
    data = serializer.data.copy()
           ^^^^^^^^^^^^^^^
  File "A:\graduation\files\BackendV4\venv\Lib\site-packages\rest_framework\serializers.py", line 571, in data
    ret = super().data
          ^^^^^^^^^^^^
  File "A:\graduation\files\BackendV4\venv\Lib\site-packages\rest_framework\serializers.py", line 253, in data
    self._data = self.get_initial()
                 ^^^^^^^^^^^^^^^^^^
  File "A:\graduation\files\BackendV4\venv\Lib\site-packages\rest_framework\serializers.py", line 421, in get_initial
    for field in self.fields.values()
                 ^^^^^^^^^^^
  File "A:\graduation\files\BackendV4\venv\Lib\site-packages\django\utils\functional.py", line 47, in __get__
    res = instance.__dict__[self.name] = self.func(instance)
                                         ^^^^^^^^^^^^^^^^^^^
  File "A:\graduation\files\BackendV4\venv\Lib\site-packages\rest_framework\serializers.py", line 372, in fields
    for key, value in self.get_fields().items():
                      ^^^^^^^^^^^^^^^^^
  File "A:\graduation\files\BackendV4\venv\Lib\site-packages\rest_framework\serializers.py", line 1103, in get_fields
    field_class, field_kwargs = self.build_field(
                                ^^^^^^^^^^^^^^^^^
  File "A:\graduation\files\BackendV4\venv\Lib\site-packages\rest_framework\serializers.py", line 1249, in build_field
    return self.build_unknown_field(field_name, model_class)
           ^^^^^^^^^^^^^^^^^^^^^^^^^^^^^^^^^^^^^^^^^^^^^^^^^
  File "A:\graduation\files\BackendV4\venv\Lib\site-packages\rest_framework\serializers.py", line 1367, in build_unknown_field
    raise ImproperlyConfigured(
django.core.exceptions.ImproperlyConfigured: Field name `phone_number` is not valid for model `User` in `apps.accounts.serializers.StudentCreateSerializer`.
WARNING 2025-11-01 05:03:13,801 log Not Found: /api/v1/accounts/students/create/logo.png
ERROR 2025-11-01 05:03:39,663 log Internal Server Error: /api/v1/accounts/supervisors/create/
Traceback (most recent call last):
  File "A:\graduation\files\BackendV4\venv\Lib\site-packages\django\core\handlers\exception.py", line 55, in inner
    response = get_response(request)
               ^^^^^^^^^^^^^^^^^^^^^
  File "A:\graduation\files\BackendV4\venv\Lib\site-packages\django\core\handlers\base.py", line 220, in _get_response
    response = response.render()
               ^^^^^^^^^^^^^^^^^
  File "A:\graduation\files\BackendV4\venv\Lib\site-packages\django\template\response.py", line 114, in render
    self.content = self.rendered_content
                   ^^^^^^^^^^^^^^^^^^^^^
  File "A:\graduation\files\BackendV4\venv\Lib\site-packages\rest_framework\response.py", line 74, in rendered_content
    ret = renderer.render(self.data, accepted_media_type, context)
          ^^^^^^^^^^^^^^^^^^^^^^^^^^^^^^^^^^^^^^^^^^^^^^^^^^^^^^^^
  File "A:\graduation\files\BackendV4\venv\Lib\site-packages\rest_framework\renderers.py", line 727, in render
    context = self.get_context(data, accepted_media_type, renderer_context)
              ^^^^^^^^^^^^^^^^^^^^^^^^^^^^^^^^^^^^^^^^^^^^^^^^^^^^^^^^^^^^^
  File "A:\graduation\files\BackendV4\venv\Lib\site-packages\rest_framework\renderers.py", line 658, in get_context
    raw_data_post_form = self.get_raw_data_form(data, view, 'POST', request)
                         ^^^^^^^^^^^^^^^^^^^^^^^^^^^^^^^^^^^^^^^^^^^^^^^^^^^
  File "A:\graduation\files\BackendV4\venv\Lib\site-packages\rest_framework\renderers.py", line 565, in get_raw_data_form
    data = serializer.data.copy()
           ^^^^^^^^^^^^^^^
  File "A:\graduation\files\BackendV4\venv\Lib\site-packages\rest_framework\serializers.py", line 571, in data
    ret = super().data
          ^^^^^^^^^^^^
  File "A:\graduation\files\BackendV4\venv\Lib\site-packages\rest_framework\serializers.py", line 253, in data
    self._data = self.get_initial()
                 ^^^^^^^^^^^^^^^^^^
  File "A:\graduation\files\BackendV4\venv\Lib\site-packages\rest_framework\serializers.py", line 421, in get_initial
    for field in self.fields.values()
                 ^^^^^^^^^^^
  File "A:\graduation\files\BackendV4\venv\Lib\site-packages\django\utils\functional.py", line 47, in __get__
    res = instance.__dict__[self.name] = self.func(instance)
                                         ^^^^^^^^^^^^^^^^^^^
  File "A:\graduation\files\BackendV4\venv\Lib\site-packages\rest_framework\serializers.py", line 372, in fields
    for key, value in self.get_fields().items():
                      ^^^^^^^^^^^^^^^^^
  File "A:\graduation\files\BackendV4\venv\Lib\site-packages\rest_framework\serializers.py", line 1103, in get_fields
    field_class, field_kwargs = self.build_field(
                                ^^^^^^^^^^^^^^^^^
  File "A:\graduation\files\BackendV4\venv\Lib\site-packages\rest_framework\serializers.py", line 1249, in build_field
    return self.build_unknown_field(field_name, model_class)
           ^^^^^^^^^^^^^^^^^^^^^^^^^^^^^^^^^^^^^^^^^^^^^^^^^
  File "A:\graduation\files\BackendV4\venv\Lib\site-packages\rest_framework\serializers.py", line 1367, in build_unknown_field
    raise ImproperlyConfigured(
django.core.exceptions.ImproperlyConfigured: Field name `phone_number` is not valid for model `User` in `apps.accounts.serializers.SupervisorCreateSerializer`.
WARNING 2025-11-01 05:03:39,850 log Not Found: /api/v1/accounts/supervisors/create/logo.png
ERROR 2025-11-01 05:04:06,161 log Internal Server Error: /api/v1/accounts/university-admins/create/
Traceback (most recent call last):
  File "A:\graduation\files\BackendV4\venv\Lib\site-packages\django\core\handlers\exception.py", line 55, in inner
    response = get_response(request)
               ^^^^^^^^^^^^^^^^^^^^^
  File "A:\graduation\files\BackendV4\venv\Lib\site-packages\django\core\handlers\base.py", line 220, in _get_response
    response = response.render()
               ^^^^^^^^^^^^^^^^^
  File "A:\graduation\files\BackendV4\venv\Lib\site-packages\django\template\response.py", line 114, in render
    self.content = self.rendered_content
                   ^^^^^^^^^^^^^^^^^^^^^
  File "A:\graduation\files\BackendV4\venv\Lib\site-packages\rest_framework\response.py", line 74, in rendered_content
    ret = renderer.render(self.data, accepted_media_type, context)
          ^^^^^^^^^^^^^^^^^^^^^^^^^^^^^^^^^^^^^^^^^^^^^^^^^^^^^^^^
  File "A:\graduation\files\BackendV4\venv\Lib\site-packages\rest_framework\renderers.py", line 727, in render
    context = self.get_context(data, accepted_media_type, renderer_context)
              ^^^^^^^^^^^^^^^^^^^^^^^^^^^^^^^^^^^^^^^^^^^^^^^^^^^^^^^^^^^^^
  File "A:\graduation\files\BackendV4\venv\Lib\site-packages\rest_framework\renderers.py", line 658, in get_context
    raw_data_post_form = self.get_raw_data_form(data, view, 'POST', request)
                         ^^^^^^^^^^^^^^^^^^^^^^^^^^^^^^^^^^^^^^^^^^^^^^^^^^^
  File "A:\graduation\files\BackendV4\venv\Lib\site-packages\rest_framework\renderers.py", line 565, in get_raw_data_form
    data = serializer.data.copy()
           ^^^^^^^^^^^^^^^
  File "A:\graduation\files\BackendV4\venv\Lib\site-packages\rest_framework\serializers.py", line 571, in data
    ret = super().data
          ^^^^^^^^^^^^
  File "A:\graduation\files\BackendV4\venv\Lib\site-packages\rest_framework\serializers.py", line 253, in data
    self._data = self.get_initial()
                 ^^^^^^^^^^^^^^^^^^
  File "A:\graduation\files\BackendV4\venv\Lib\site-packages\rest_framework\serializers.py", line 421, in get_initial
    for field in self.fields.values()
                 ^^^^^^^^^^^
  File "A:\graduation\files\BackendV4\venv\Lib\site-packages\django\utils\functional.py", line 47, in __get__
    res = instance.__dict__[self.name] = self.func(instance)
                                         ^^^^^^^^^^^^^^^^^^^
  File "A:\graduation\files\BackendV4\venv\Lib\site-packages\rest_framework\serializers.py", line 372, in fields
    for key, value in self.get_fields().items():
                      ^^^^^^^^^^^^^^^^^
  File "A:\graduation\files\BackendV4\venv\Lib\site-packages\rest_framework\serializers.py", line 1103, in get_fields
    field_class, field_kwargs = self.build_field(
                                ^^^^^^^^^^^^^^^^^
  File "A:\graduation\files\BackendV4\venv\Lib\site-packages\rest_framework\serializers.py", line 1249, in build_field
    return self.build_unknown_field(field_name, model_class)
           ^^^^^^^^^^^^^^^^^^^^^^^^^^^^^^^^^^^^^^^^^^^^^^^^^
  File "A:\graduation\files\BackendV4\venv\Lib\site-packages\rest_framework\serializers.py", line 1367, in build_unknown_field
    raise ImproperlyConfigured(
django.core.exceptions.ImproperlyConfigured: Field name `phone_number` is not valid for model `User` in `apps.accounts.serializers.UniversityAdminCreateSerializer`.
WARNING 2025-11-01 05:04:06,486 log Not Found: /api/v1/accounts/university-admins/create/logo.png
ERROR 2025-11-01 05:04:37,544 log Internal Server Error: /api/v1/accounts/tech-support/create/
Traceback (most recent call last):
  File "A:\graduation\files\BackendV4\venv\Lib\site-packages\django\core\handlers\exception.py", line 55, in inner
    response = get_response(request)
               ^^^^^^^^^^^^^^^^^^^^^
  File "A:\graduation\files\BackendV4\venv\Lib\site-packages\django\core\handlers\base.py", line 220, in _get_response
    response = response.render()
               ^^^^^^^^^^^^^^^^^
  File "A:\graduation\files\BackendV4\venv\Lib\site-packages\django\template\response.py", line 114, in render
    self.content = self.rendered_content
                   ^^^^^^^^^^^^^^^^^^^^^
  File "A:\graduation\files\BackendV4\venv\Lib\site-packages\rest_framework\response.py", line 74, in rendered_content
    ret = renderer.render(self.data, accepted_media_type, context)
          ^^^^^^^^^^^^^^^^^^^^^^^^^^^^^^^^^^^^^^^^^^^^^^^^^^^^^^^^
  File "A:\graduation\files\BackendV4\venv\Lib\site-packages\rest_framework\renderers.py", line 727, in render
    context = self.get_context(data, accepted_media_type, renderer_context)
              ^^^^^^^^^^^^^^^^^^^^^^^^^^^^^^^^^^^^^^^^^^^^^^^^^^^^^^^^^^^^^
  File "A:\graduation\files\BackendV4\venv\Lib\site-packages\rest_framework\renderers.py", line 658, in get_context
    raw_data_post_form = self.get_raw_data_form(data, view, 'POST', request)
                         ^^^^^^^^^^^^^^^^^^^^^^^^^^^^^^^^^^^^^^^^^^^^^^^^^^^
  File "A:\graduation\files\BackendV4\venv\Lib\site-packages\rest_framework\renderers.py", line 565, in get_raw_data_form
    data = serializer.data.copy()
           ^^^^^^^^^^^^^^^
  File "A:\graduation\files\BackendV4\venv\Lib\site-packages\rest_framework\serializers.py", line 571, in data
    ret = super().data
          ^^^^^^^^^^^^
  File "A:\graduation\files\BackendV4\venv\Lib\site-packages\rest_framework\serializers.py", line 253, in data
    self._data = self.get_initial()
                 ^^^^^^^^^^^^^^^^^^
  File "A:\graduation\files\BackendV4\venv\Lib\site-packages\rest_framework\serializers.py", line 421, in get_initial
    for field in self.fields.values()
                 ^^^^^^^^^^^
  File "A:\graduation\files\BackendV4\venv\Lib\site-packages\django\utils\functional.py", line 47, in __get__
    res = instance.__dict__[self.name] = self.func(instance)
                                         ^^^^^^^^^^^^^^^^^^^
  File "A:\graduation\files\BackendV4\venv\Lib\site-packages\rest_framework\serializers.py", line 372, in fields
    for key, value in self.get_fields().items():
                      ^^^^^^^^^^^^^^^^^
  File "A:\graduation\files\BackendV4\venv\Lib\site-packages\rest_framework\serializers.py", line 1103, in get_fields
    field_class, field_kwargs = self.build_field(
                                ^^^^^^^^^^^^^^^^^
  File "A:\graduation\files\BackendV4\venv\Lib\site-packages\rest_framework\serializers.py", line 1249, in build_field
    return self.build_unknown_field(field_name, model_class)
           ^^^^^^^^^^^^^^^^^^^^^^^^^^^^^^^^^^^^^^^^^^^^^^^^^
  File "A:\graduation\files\BackendV4\venv\Lib\site-packages\rest_framework\serializers.py", line 1367, in build_unknown_field
    raise ImproperlyConfigured(
django.core.exceptions.ImproperlyConfigured: Field name `phone_number` is not valid for model `User` in `apps.accounts.serializers.TechSupportCreateSerializer`.
WARNING 2025-11-01 05:04:37,875 log Not Found: /api/v1/accounts/tech-support/create/logo.png
INFO 2025-11-01 05:10:44,056 autoreload A:\graduation\files\BackendV4\apps\accounts\serializers.py changed, reloading.
INFO 2025-11-01 05:10:51,733 autoreload Watching for file changes with StatReloader
WARNING 2025-11-01 05:10:59,521 log Method Not Allowed: /api/v1/accounts/tech-support/create/
WARNING 2025-11-01 05:11:00,016 log Not Found: /api/v1/accounts/tech-support/create/logo.png
ERROR 2025-11-01 05:11:31,510 log Internal Server Error: /api/v1/accounts/tech-support/create/
WARNING 2025-11-01 05:12:27,219 log Method Not Allowed: /api/v1/accounts/university-admins/create/
WARNING 2025-11-01 05:12:27,537 log Not Found: /api/v1/accounts/university-admins/create/logo.png
ERROR 2025-11-01 05:12:58,349 log Internal Server Error: /api/v1/accounts/university-admins/create/
WARNING 2025-11-01 05:13:32,517 log Method Not Allowed: /api/v1/accounts/supervisors/create/
WARNING 2025-11-01 05:13:32,769 log Not Found: /api/v1/accounts/supervisors/create/logo.png
ERROR 2025-11-01 05:13:56,951 log Internal Server Error: /api/v1/accounts/supervisors/create/
WARNING 2025-11-01 05:14:30,257 log Method Not Allowed: /api/v1/accounts/students/create/
WARNING 2025-11-01 05:14:30,437 log Not Found: /api/v1/accounts/students/create/logo.png
ERROR 2025-11-01 05:15:20,529 log Internal Server Error: /api/v1/accounts/students/create/
WARNING 2025-11-01 05:15:58,304 log Method Not Allowed: /api/v1/accounts/patients/create/
WARNING 2025-11-01 05:15:58,570 log Not Found: /api/v1/accounts/patients/create/logo.png
ERROR 2025-11-01 05:16:20,277 log Internal Server Error: /api/v1/accounts/patients/create/
WARNING 2025-11-01 05:17:14,940 log Method Not Allowed: /api/v1/accounts/supervisors/create/
WARNING 2025-11-01 05:17:15,182 log Not Found: /api/v1/accounts/supervisors/create/logo.png
ERROR 2025-11-01 05:17:56,452 log Internal Server Error: /api/v1/accounts/supervisors/create/
ERROR 2025-11-01 05:18:18,976 log Internal Server Error: /api/v1/accounts/supervisors/create/
ERROR 2025-11-01 05:18:45,317 log Internal Server Error: /api/v1/accounts/supervisors/create/
WARNING 2025-11-01 05:19:25,773 log Not Found: /api/v1/accounts/supervisors/logo.png
WARNING 2025-11-01 05:20:13,448 log Method Not Allowed: /api/v1/accounts/university-admins/create/
WARNING 2025-11-01 05:20:13,750 log Not Found: /api/v1/accounts/university-admins/create/logo.png
ERROR 2025-11-01 05:20:51,900 log Internal Server Error: /api/v1/accounts/university-admins/create/
ERROR 2025-11-01 05:21:03,106 log Internal Server Error: /api/v1/accounts/university-admins/create/
WARNING 2025-11-01 05:21:51,693 log Not Found: /api/v1/accounts/university-admins/logo.png
WARNING 2025-11-01 05:23:22,506 log Not Found: /api/v1/accounts/patients/logo.png
WARNING 2025-11-01 05:24:03,079 log Not Found: /api/v1/accounts/students/logo.png
WARNING 2025-11-01 05:24:32,809 log Not Found: /api/v1/accounts/tech-support/logo.png
INFO 2025-11-01 05:31:24,653 autoreload A:\graduation\files\BackendV4\apps\accounts\models.py changed, reloading.
INFO 2025-11-01 05:31:31,705 autoreload Watching for file changes with StatReloader
INFO 2025-11-01 05:43:27,798 autoreload A:\graduation\files\BackendV4\apps\accounts\views.py changed, reloading.
INFO 2025-11-01 05:43:31,076 autoreload Watching for file changes with StatReloader
INFO 2025-11-01 05:43:32,911 autoreload A:\graduation\files\BackendV4\apps\accounts\views.py changed, reloading.
INFO 2025-11-01 05:43:34,104 autoreload Watching for file changes with StatReloader
INFO 2025-11-01 05:43:36,660 autoreload A:\graduation\files\BackendV4\apps\accounts\views.py changed, reloading.
INFO 2025-11-01 05:43:38,162 autoreload Watching for file changes with StatReloader
INFO 2025-11-01 05:43:41,852 autoreload A:\graduation\files\BackendV4\apps\accounts\views.py changed, reloading.
INFO 2025-11-01 05:43:43,345 autoreload Watching for file changes with StatReloader
INFO 2025-11-01 05:43:44,924 autoreload A:\graduation\files\BackendV4\apps\accounts\views.py changed, reloading.
INFO 2025-11-01 05:43:46,313 autoreload Watching for file changes with StatReloader
INFO 2025-11-01 05:43:50,069 autoreload A:\graduation\files\BackendV4\apps\accounts\views.py changed, reloading.
INFO 2025-11-01 05:43:51,347 autoreload Watching for file changes with StatReloader
INFO 2025-11-01 05:43:53,999 autoreload A:\graduation\files\BackendV4\apps\accounts\views.py changed, reloading.
INFO 2025-11-01 05:43:54,950 autoreload Watching for file changes with StatReloader
INFO 2025-11-01 05:43:58,591 autoreload A:\graduation\files\BackendV4\apps\accounts\views.py changed, reloading.
INFO 2025-11-01 05:43:59,620 autoreload Watching for file changes with StatReloader
INFO 2025-11-01 05:44:03,127 autoreload A:\graduation\files\BackendV4\apps\accounts\views.py changed, reloading.
INFO 2025-11-01 05:44:04,572 autoreload Watching for file changes with StatReloader
INFO 2025-11-01 05:44:17,866 autoreload A:\graduation\files\BackendV4\apps\accounts\views.py changed, reloading.
INFO 2025-11-01 05:44:18,905 autoreload Watching for file changes with StatReloader
INFO 2025-11-01 05:44:22,834 autoreload A:\graduation\files\BackendV4\apps\accounts\views.py changed, reloading.
INFO 2025-11-01 05:44:24,629 autoreload Watching for file changes with StatReloader
INFO 2025-11-01 05:44:34,537 autoreload A:\graduation\files\BackendV4\apps\accounts\views.py changed, reloading.
INFO 2025-11-01 05:44:38,373 autoreload Watching for file changes with StatReloader
INFO 2025-11-01 05:46:51,278 autoreload A:\graduation\files\BackendV4\apps\accounts\views.py changed, reloading.
INFO 2025-11-01 05:46:55,054 autoreload Watching for file changes with StatReloader
INFO 2025-11-01 05:47:11,526 autoreload A:\graduation\files\BackendV4\apps\accounts\views.py changed, reloading.
INFO 2025-11-01 05:47:12,565 autoreload Watching for file changes with StatReloader
INFO 2025-11-01 05:48:01,690 autoreload A:\graduation\files\BackendV4\apps\accounts\serializers.py changed, reloading.
INFO 2025-11-01 05:48:02,910 autoreload Watching for file changes with StatReloader
INFO 2025-11-01 05:48:06,674 autoreload A:\graduation\files\BackendV4\apps\accounts\serializers.py changed, reloading.
INFO 2025-11-01 05:48:08,081 autoreload Watching for file changes with StatReloader
INFO 2025-11-01 05:48:10,950 autoreload A:\graduation\files\BackendV4\apps\accounts\views.py changed, reloading.
INFO 2025-11-01 05:48:12,197 autoreload Watching for file changes with StatReloader
INFO 2025-11-01 05:48:35,442 autoreload Watching for file changes with StatReloader
INFO 2025-11-01 05:55:32,323 autoreload A:\graduation\files\BackendV4\apps\accounts\serializers.py changed, reloading.
INFO 2025-11-01 05:55:36,995 autoreload Watching for file changes with StatReloader
INFO 2025-11-01 05:55:53,530 autoreload A:\graduation\files\BackendV4\apps\accounts\views.py changed, reloading.
INFO 2025-11-01 05:55:54,617 autoreload Watching for file changes with StatReloader
INFO 2025-11-01 05:57:00,801 autoreload A:\graduation\files\BackendV4\apps\accounts\models.py changed, reloading.
INFO 2025-11-01 05:57:02,205 autoreload Watching for file changes with StatReloader
INFO 2025-11-01 05:57:06,234 autoreload A:\graduation\files\BackendV4\apps\accounts\views.py changed, reloading.
INFO 2025-11-01 05:57:07,316 autoreload Watching for file changes with StatReloader
INFO 2025-11-01 05:57:10,208 autoreload A:\graduation\files\BackendV4\apps\accounts\serializers.py changed, reloading.
INFO 2025-11-01 05:57:12,720 autoreload Watching for file changes with StatReloader
WARNING 2025-11-01 05:57:51,463 log Not Found: /api/v1/accounts/students/logo.png
WARNING 2025-11-01 05:57:57,898 log Not Found: /api/v1/accounts/tech-support/logo.png
WARNING 2025-11-01 05:58:36,159 log Method Not Allowed: /api/v1/accounts/tech-support/create/
WARNING 2025-11-01 05:58:36,374 log Not Found: /api/v1/accounts/tech-support/create/logo.png
ERROR 2025-11-01 05:59:03,713 log Internal Server Error: /api/v1/accounts/tech-support/create/
WARNING 2025-11-01 05:59:40,046 log Method Not Allowed: /api/v1/accounts/supervisors/create/
WARNING 2025-11-01 05:59:41,414 log Method Not Allowed: /api/v1/accounts/supervisors/create/
WARNING 2025-11-01 05:59:41,645 log Not Found: /api/v1/accounts/supervisors/create/logo.png
ERROR 2025-11-01 06:00:50,619 log Internal Server Error: /api/v1/accounts/supervisors/create/
WARNING 2025-11-01 06:01:28,198 log Method Not Allowed: /api/v1/accounts/patients/create/
WARNING 2025-11-01 06:01:28,614 log Method Not Allowed: /api/v1/accounts/patients/create/
WARNING 2025-11-01 06:01:28,854 log Not Found: /api/v1/accounts/patients/create/logo.png
ERROR 2025-11-01 06:01:48,518 log Internal Server Error: /api/v1/accounts/supervisors/create/
ERROR 2025-11-01 06:02:17,156 log Internal Server Error: /api/v1/accounts/supervisors/
WARNING 2025-11-01 06:02:17,389 log Not Found: /api/v1/accounts/supervisors/logo.png
INFO 2025-11-01 06:07:42,382 autoreload A:\graduation\files\BackendV4\apps\accounts\urls.py changed, reloading.
INFO 2025-11-01 06:07:43,851 autoreload Watching for file changes with StatReloader
INFO 2025-11-01 06:07:54,942 autoreload A:\graduation\files\BackendV4\apps\accounts\views.py changed, reloading.
INFO 2025-11-01 06:07:56,645 autoreload Watching for file changes with StatReloader
INFO 2025-11-01 06:08:16,186 autoreload A:\graduation\files\BackendV4\apps\accounts\serializers.py changed, reloading.
INFO 2025-11-01 06:08:17,281 autoreload Watching for file changes with StatReloader
INFO 2025-11-01 06:08:31,198 autoreload A:\graduation\files\BackendV4\apps\accounts\models.py changed, reloading.
INFO 2025-11-01 06:08:32,788 autoreload Watching for file changes with StatReloader
INFO 2025-11-01 06:08:59,868 autoreload A:\graduation\files\BackendV4\apps\accounts\models.py changed, reloading.
INFO 2025-11-01 06:09:01,609 autoreload Watching for file changes with StatReloader
INFO 2025-11-01 06:09:03,084 autoreload A:\graduation\files\BackendV4\apps\accounts\serializers.py changed, reloading.
INFO 2025-11-01 06:09:04,253 autoreload Watching for file changes with StatReloader
INFO 2025-11-01 06:09:06,766 autoreload A:\graduation\files\BackendV4\apps\accounts\views.py changed, reloading.
INFO 2025-11-01 06:09:07,726 autoreload Watching for file changes with StatReloader
INFO 2025-11-01 06:14:42,763 autoreload A:\graduation\files\BackendV4\apps\accounts\serializers.py changed, reloading.
INFO 2025-11-01 06:14:45,105 autoreload Watching for file changes with StatReloader
INFO 2025-11-01 06:15:11,998 autoreload A:\graduation\files\BackendV4\apps\accounts\serializers.py changed, reloading.
INFO 2025-11-01 06:15:13,237 autoreload Watching for file changes with StatReloader
INFO 2025-11-01 06:17:02,197 autoreload A:\graduation\files\BackendV4\apps\accounts\serializers.py changed, reloading.
INFO 2025-11-01 06:17:03,354 autoreload Watching for file changes with StatReloader
WARNING 2025-11-01 06:17:22,824 log Not Found: /api/v1/accounts/supervisors/logo.png
WARNING 2025-11-01 06:17:44,412 log Method Not Allowed: /api/v1/accounts/supervisors/create/
WARNING 2025-11-01 06:17:44,559 log Not Found: /api/v1/accounts/supervisors/create/logo.png
ERROR 2025-11-01 06:19:50,564 log Internal Server Error: /api/v1/accounts/supervisors/create/
ERROR 2025-11-01 06:20:09,352 log Internal Server Error: /api/v1/accounts/supervisors/create/
INFO 2025-11-01 06:23:30,485 autoreload A:\graduation\files\BackendV4\apps\accounts\serializers.py changed, reloading.
INFO 2025-11-01 06:23:36,266 autoreload Watching for file changes with StatReloader
INFO 2025-11-01 06:24:44,865 autoreload A:\graduation\files\BackendV4\apps\accounts\views.py changed, reloading.
INFO 2025-11-01 06:24:46,232 autoreload Watching for file changes with StatReloader
WARNING 2025-11-01 06:24:53,234 log Method Not Allowed: /api/v1/accounts/supervisors/create/
WARNING 2025-11-01 06:24:53,652 log Not Found: /api/v1/accounts/supervisors/create/logo.png
ERROR 2025-11-01 06:25:44,059 log Internal Server Error: /api/v1/accounts/patients/create/
ERROR 2025-11-01 06:25:58,958 log Internal Server Error: /api/v1/accounts/patients/create/
ERROR 2025-11-01 06:26:21,073 log Internal Server Error: /api/v1/accounts/patients/create/
ERROR 2025-11-01 06:27:02,456 log Internal Server Error: /api/v1/accounts/supervisors/create/
ERROR 2025-11-01 06:27:59,544 log Internal Server Error: /api/v1/accounts/supervisors/create/
WARNING 2025-11-01 06:28:08,253 log Not Found: /api/v1/accounts/supervisors/logo.png
INFO 2025-11-01 06:28:35,737 autoreload A:\graduation\files\BackendV4\apps\accounts\views.py changed, reloading.
INFO 2025-11-01 06:28:37,117 autoreload Watching for file changes with StatReloader
INFO 2025-11-01 08:24:43,099 autoreload Watching for file changes with StatReloader
WARNING 2025-11-01 09:21:20,080 log Not Found: /
WARNING 2025-11-01 09:21:20,444 log Not Found: /
WARNING 2025-11-01 09:21:20,900 log Not Found: /
WARNING 2025-11-01 09:21:21,097 log Not Found: /
WARNING 2025-11-01 09:22:28,009 log Not Found: /create/
WARNING 2025-11-01 09:22:32,190 log Not Found: /create/
WARNING 2025-11-01 09:23:54,542 log Not Found: /
WARNING 2025-11-01 09:25:30,228 log Not Found: /
WARNING 2025-11-01 09:26:36,260 log Not Found: /create/
WARNING 2025-11-01 10:03:08,875 log Not Found: /
WARNING 2025-11-01 10:03:10,289 log Not Found: /
WARNING 2025-11-01 10:04:20,762 log Not Found: /
WARNING 2025-11-01 10:04:57,438 log Not Found: /create/
WARNING 2025-11-01 10:05:02,136 log Not Found: /create/
INFO 2025-11-01 10:06:26,322 autoreload Watching for file changes with StatReloader
WARNING 2025-11-01 10:06:43,939 log Not Found: /
WARNING 2025-11-01 10:07:28,093 log Not Found: /create/
ERROR 2025-11-01 10:10:05,079 log Internal Server Error: /api/v1/universities/
ERROR 2025-11-01 10:12:51,267 log Internal Server Error: /api/v1/universities/
ERROR 2025-11-01 10:15:04,428 log Internal Server Error: /api/v1/universities/
ERROR 2025-11-01 10:15:37,015 log Internal Server Error: /api/v1/universities/
ERROR 2025-11-01 10:16:12,454 log Internal Server Error: /api/v1/universities/create/
INFO 2025-11-01 10:19:32,823 autoreload Watching for file changes with StatReloader
ERROR 2025-11-01 18:06:50,703 log Internal Server Error: /api/v1/universities/2840fb7c-2678-4266-9b26-035b6f4e82fe/courses/create/
ERROR 2025-11-01 18:09:11,816 log Internal Server Error: /api/v1/universities/2840fb7c-2678-4266-9b26-035b6f4e82fe/courses/create/
ERROR 2025-11-01 18:10:13,757 log Internal Server Error: /api/v1/universities/2840fb7c-2678-4266-9b26-035b6f4e82fe/courses/create/
ERROR 2025-11-01 18:15:21,177 log Internal Server Error: /api/v1/universities/2840fb7c-2678-4266-9b26-035b6f4e82fe/courses/create/
INFO 2025-11-01 18:23:53,763 autoreload D:\pro99\B2\BackendV4\apps\universities\views.py changed, reloading.
INFO 2025-11-01 18:24:06,986 autoreload Watching for file changes with StatReloader
WARNING 2025-11-01 18:26:49,373 log Not Found: /api/v1/courses/8587f871-a5fe-42bb-a01a-91326a2d3d5d/update/
WARNING 2025-11-01 18:30:02,868 log Not Found: /api/v1/courses/8587f871-a5fe-42bb-a01a-91326a2d3d5d/update/
WARNING 2025-11-01 18:39:40,382 log Not Found: /api/v1/universities/2840fb7c-2678-4266-9b26-035b6f4e82fe/courses/8587f871-a5fe-42bb-a01a-91326a2d3d5d/update/
WARNING 2025-11-01 18:43:48,114 log Not Found: /api/v1/universities/2840fb7c-2678-4266-9b26-035b6f4e82fe/courses/8587f871-a5fe-42bb-a01a-91326a2d3d5d/
WARNING 2025-11-01 18:47:35,709 log Not Found: /api/v1/courses/undefined/update/
WARNING 2025-11-01 18:48:28,704 log Not Found: /api/v1/courses/8587f871-a5fe-42bb-a01a-91326a2d3d5d/update/
WARNING 2025-11-01 18:56:05,238 log Not Found: /api/v1/universities/2840fb7c-2678-4266-9b26-035b6f4e82fe/courses/8587f871-a5fe-42bb-a01a-91326a2d3d5d/
WARNING 2025-11-01 19:01:52,983 log Not Found: /api/v1/universities/2840fb7c-2678-4266-9b26-035b6f4e82fe/courses/8587f871-a5fe-42bb-a01a-91326a2d3d5d/
ERROR 2025-11-01 19:07:13,963 log Internal Server Error: /api/v1/universities/courses/8587f871-a5fe-42bb-a01a-91326a2d3d5d/update/
INFO 2025-11-03 20:48:38,359 autoreload Watching for file changes with StatReloader
ERROR 2025-11-03 21:10:24,186 log Internal Server Error: /api/v1/universities/48fdd570-b53e-42fe-b290-e868038b9736/courses/create/
ERROR 2025-11-03 21:14:12,258 log Internal Server Error: /api/v1/universities/48fdd570-b53e-42fe-b290-e868038b9736/courses/create/
ERROR 2025-11-03 21:19:19,195 log Internal Server Error: /api/v1/universities/48fdd570-b53e-42fe-b290-e868038b9736/courses/create/
ERROR 2025-11-03 21:20:01,971 log Internal Server Error: /api/v1/universities/48fdd570-b53e-42fe-b290-e868038b9736/courses/create/
ERROR 2025-11-03 21:20:08,078 log Internal Server Error: /api/v1/universities/48fdd570-b53e-42fe-b290-e868038b9736/courses/create/
ERROR 2025-11-03 21:55:55,420 log Internal Server Error: /api/v1/universities/48fdd570-b53e-42fe-b290-e868038b9736/courses/create/
ERROR 2025-11-03 21:56:14,398 log Internal Server Error: /api/v1/universities/48fdd570-b53e-42fe-b290-e868038b9736/courses/create/
INFO 2025-11-04 07:10:42,545 autoreload Watching for file changes with StatReloader
INFO 2025-11-04 09:18:23,040 autoreload D:\pro99\B2\BackendV4\apps\universities\serializers.py changed, reloading.
INFO 2025-11-04 09:18:40,387 autoreload Watching for file changes with StatReloader
INFO 2025-11-04 09:20:23,290 autoreload D:\pro99\B2\BackendV4\apps\universities\serializers.py changed, reloading.
INFO 2025-11-04 09:20:31,294 autoreload Watching for file changes with StatReloader
INFO 2025-11-04 09:24:01,830 autoreload D:\pro99\B2\BackendV4\apps\universities\serializers.py changed, reloading.
INFO 2025-11-04 09:24:06,157 autoreload Watching for file changes with StatReloader
INFO 2025-11-04 10:06:46,526 autoreload D:\pro99\B2\BackendV4\apps\universities\serializers.py changed, reloading.
INFO 2025-11-04 10:06:58,283 autoreload Watching for file changes with StatReloader
INFO 2025-11-04 13:22:57,901 autoreload Watching for file changes with StatReloader
WARNING 2025-11-04 17:14:55,839 log Not Found: /api/v1/accounts/accounts/
WARNING 2025-11-04 17:15:16,062 log Not Found: /api/v1/accounts/accounts/
WARNING 2025-11-04 17:15:58,561 log Not Found: /api/v1/accounts/accounts/
WARNING 2025-11-04 17:27:47,734 log Not Found: /api/v1/tech-support/
ERROR 2025-11-04 17:38:27,788 log Internal Server Error: /api/v1/accounts/tech-support/create/
WARNING 2025-11-04 17:47:06,396 log Not Found: /api/v1/tech-support/
WARNING 2025-11-04 17:47:24,283 log Not Found: /api/v1/tech-support/
WARNING 2025-11-04 17:47:37,580 log Not Found: /api/v1/tech-support/create/
INFO 2025-11-04 18:50:56,595 autoreload Watching for file changes with StatReloader
WARNING 2025-11-04 19:06:24,419 log Not Found: /api/v1/tech-support/
WARNING 2025-11-04 19:06:25,073 log Not Found: /api/v1/tech-support/
WARNING 2025-11-04 19:06:25,676 log Not Found: /api/v1/tech-support/
WARNING 2025-11-04 19:06:25,752 log Not Found: /api/v1/tech-support/
WARNING 2025-11-04 19:06:58,692 log Not Found: /api/v1/tech-support/create/
WARNING 2025-11-04 19:07:03,897 log Not Found: /api/v1/tech-support/create/
WARNING 2025-11-04 19:09:50,340 log Not Found: /api/v1/accounts/
WARNING 2025-11-04 19:10:20,431 log Not Found: /api/v1/accounts/
WARNING 2025-11-04 19:10:58,519 log Not Found: /api/v1/accounts/
WARNING 2025-11-04 19:14:34,658 log Method Not Allowed: /api/v1/accounts/supervisors/
WARNING 2025-11-04 19:32:15,863 log Method Not Allowed: /api/v1/accounts/tech-support/
WARNING 2025-11-04 19:38:32,365 log Not Found: /api/v1/tech-support/
WARNING 2025-11-04 19:39:21,659 log Not Found: /api/v1/tech-support/
WARNING 2025-11-04 19:39:43,342 log Not Found: /api/v1/tech-support/
WARNING 2025-11-04 19:40:16,947 log Not Found: /api/v1/tech-support/
WARNING 2025-11-04 19:42:36,150 log Not Found: /api/v1/tech-support/
WARNING 2025-11-04 19:42:52,516 log Not Found: /api/v1/tech-support/
INFO 2025-11-05 17:23:56,421 autoreload Watching for file changes with StatReloader
WARNING 2025-11-05 17:25:55,822 log Not Found: /api/v1/tech-support/
WARNING 2025-11-05 17:25:55,984 log Not Found: /api/v1/tech-support/
WARNING 2025-11-05 17:25:56,463 log Not Found: /api/v1/tech-support/
WARNING 2025-11-05 17:25:56,746 log Not Found: /api/v1/tech-support/
ERROR 2025-11-05 17:35:44,769 log Internal Server Error: /api/v1/accounts/tech-support/create/
ERROR 2025-11-05 17:45:13,791 log Internal Server Error: /api/v1/accounts/supervisors/create/
ERROR 2025-11-05 17:58:43,349 log Internal Server Error: /api/v1/accounts/supervisors/create/
INFO 2025-11-05 18:34:54,889 autoreload D:\pro99\B2\BackendV4\apps\accounts\serializers.py changed, reloading.
INFO 2025-11-05 18:35:02,984 autoreload Watching for file changes with StatReloader
INFO 2025-11-05 18:37:14,427 autoreload D:\pro99\B2\BackendV4\apps\accounts\serializers.py changed, reloading.
INFO 2025-11-05 18:37:18,553 autoreload Watching for file changes with StatReloader
ERROR 2025-11-05 18:52:44,270 log Internal Server Error: /api/v1/accounts/supervisors/create/
ERROR 2025-11-05 18:57:59,521 log Internal Server Error: /api/v1/accounts/supervisors/create/
WARNING 2025-11-05 19:17:50,038 log Not Found: /api/v1/accounts/supervisors/undefined/update/
WARNING 2025-11-05 19:18:25,358 log Not Found: /api/v1/accounts/supervisors/undefined/update/
WARNING 2025-11-05 19:22:17,480 log Not Found: /api/v1/accounts/supervisors/undefined/update/
INFO 2025-11-06 07:34:39,914 autoreload Watching for file changes with StatReloader
WARNING 2025-11-06 07:37:37,183 log Not Found: /api/v1/accounts/supervisors/undefined/update/
ERROR 2025-11-06 13:34:35,366 log Internal Server Error: /api/v1/accounts/supervisors/create/
INFO 2025-11-06 13:40:22,403 autoreload Watching for file changes with StatReloader
ERROR 2025-11-06 14:15:46,211 log Internal Server Error: /api/v1/accounts/supervisors/create/
WARNING 2025-11-06 14:43:35,369 log Not Found: /api/v1/accounts/supervisors/update/2/
WARNING 2025-11-06 14:48:00,702 log Not Found: /api/v1/accounts/supervisors/2/update/
ERROR 2025-11-06 14:56:55,864 log Internal Server Error: /api/v1/accounts/supervisors/create/
ERROR 2025-11-06 15:05:48,986 log Internal Server Error: /api/v1/accounts/supervisors/create/
ERROR 2025-11-06 15:06:56,477 log Internal Server Error: /api/v1/accounts/supervisors/create/
ERROR 2025-11-06 15:16:57,944 log Internal Server Error: /api/v1/accounts/supervisors/create/
ERROR 2025-11-06 15:18:43,124 log Internal Server Error: /api/v1/accounts/supervisors/create/
ERROR 2025-11-06 15:21:59,175 log Internal Server Error: /api/v1/accounts/supervisors/create/
WARNING 2025-11-06 15:29:43,163 log Not Found: /api/v1/accounts/supervisors/4/delete/
INFO 2025-11-07 07:27:40,433 autoreload Watching for file changes with StatReloader
INFO 2025-11-07 08:23:38,537 autoreload Watching for file changes with StatReloader
ERROR 2025-11-07 08:29:50,607 log Internal Server Error: /api/v1/accounts/supervisors/create/
ERROR 2025-11-07 08:56:36,997 log Internal Server Error: /api/v1/accounts/supervisors/create/
ERROR 2025-11-07 09:05:00,644 log Internal Server Error: /api/v1/accounts/supervisors/create/
ERROR 2025-11-07 09:06:35,027 log Internal Server Error: /api/v1/accounts/supervisors/create/
ERROR 2025-11-07 09:08:15,648 log Internal Server Error: /api/v1/accounts/supervisors/create/
ERROR 2025-11-07 09:23:06,886 log Internal Server Error: /api/v1/accounts/supervisors/create/
ERROR 2025-11-07 09:31:52,145 log Internal Server Error: /api/v1/accounts/supervisors/create/
ERROR 2025-11-07 09:51:22,026 log Internal Server Error: /api/v1/accounts/supervisors/create/
INFO 2025-11-07 13:59:55,205 autoreload Watching for file changes with StatReloader
ERROR 2025-11-07 14:17:40,692 log Internal Server Error: /api/v1/accounts/supervisors/create/
INFO 2025-11-07 14:47:23,347 autoreload D:\pro99\B2\BackendV4\apps\accounts\serializers.py changed, reloading.
INFO 2025-11-07 14:47:29,075 autoreload Watching for file changes with StatReloader
INFO 2025-11-07 14:50:36,706 autoreload D:\pro99\B2\BackendV4\apps\accounts\serializers.py changed, reloading.
INFO 2025-11-07 14:50:42,385 autoreload Watching for file changes with StatReloader
ERROR 2025-11-07 15:52:29,952 log Internal Server Error: /api/v1/accounts/supervisors/create/
ERROR 2025-11-07 15:53:54,948 log Internal Server Error: /api/v1/accounts/supervisors/create/
INFO 2025-11-07 15:57:41,708 autoreload D:\pro99\B2\BackendV4\apps\accounts\models.py changed, reloading.
INFO 2025-11-07 15:57:49,491 autoreload Watching for file changes with StatReloader
INFO 2025-11-07 15:58:17,439 autoreload D:\pro99\B2\BackendV4\apps\accounts\models.py changed, reloading.
INFO 2025-11-07 15:58:33,151 autoreload Watching for file changes with StatReloader
ERROR 2025-11-07 16:03:32,483 log Internal Server Error: /api/v1/accounts/supervisors/create/
ERROR 2025-11-07 16:10:48,728 log Internal Server Error: /api/v1/accounts/supervisors/create/
ERROR 2025-11-07 16:11:50,680 log Internal Server Error: /api/v1/accounts/supervisors/create/
ERROR 2025-11-07 16:24:19,515 log Internal Server Error: /api/v1/accounts/supervisors/create/
INFO 2025-11-07 16:24:49,641 autoreload D:\pro99\B2\BackendV4\apps\accounts\serializers.py changed, reloading.
INFO 2025-11-07 16:24:55,376 autoreload Watching for file changes with StatReloader
ERROR 2025-11-07 16:26:11,597 log Internal Server Error: /api/v1/accounts/supervisors/create/
INFO 2025-11-07 16:28:12,633 autoreload D:\pro99\B2\BackendV4\apps\accounts\serializers.py changed, reloading.
INFO 2025-11-07 16:28:15,747 autoreload Watching for file changes with StatReloader
ERROR 2025-11-07 16:29:46,521 log Internal Server Error: /api/v1/accounts/supervisors/create/
ERROR 2025-11-07 16:33:00,836 log Internal Server Error: /api/v1/accounts/supervisors/create/
ERROR 2025-11-07 16:39:51,154 log Internal Server Error: /api/v1/accounts/supervisors/create/
INFO 2025-11-07 16:40:12,598 autoreload D:\pro99\B2\BackendV4\apps\accounts\serializers.py changed, reloading.
INFO 2025-11-07 16:40:18,643 autoreload Watching for file changes with StatReloader
ERROR 2025-11-07 16:41:52,899 log Internal Server Error: /api/v1/accounts/supervisors/create/
INFO 2025-11-07 16:46:51,430 autoreload D:\pro99\B2\BackendV4\apps\accounts\serializers.py changed, reloading.
INFO 2025-11-07 16:46:56,125 autoreload Watching for file changes with StatReloader
ERROR 2025-11-07 17:01:00,523 log Internal Server Error: /api/v1/accounts/supervisors/create/
ERROR 2025-11-07 17:04:38,653 log Internal Server Error: /api/v1/accounts/supervisors/create/
INFO 2025-11-07 17:32:46,428 autoreload Watching for file changes with StatReloader
ERROR 2025-11-07 17:49:11,645 log Internal Server Error: /api/v1/accounts/supervisors/create/
ERROR 2025-11-07 18:27:22,483 log Internal Server Error: /api/v1/accounts/patients/create/
ERROR 2025-11-07 18:29:46,535 log Internal Server Error: /api/v1/accounts/patients/create/
WARNING 2025-11-07 18:36:56,241 log Not Found: /api/v1/accounts/patients/14/
INFO 2025-11-07 19:24:24,956 autoreload Watching for file changes with StatReloader
ERROR 2025-11-07 20:01:09,168 log Internal Server Error: /api/v1/accounts/supervisors/create/
ERROR 2025-11-07 20:03:52,625 log Internal Server Error: /api/v1/accounts/supervisors/create/
ERROR 2025-11-07 20:05:06,829 log Internal Server Error: /api/v1/accounts/supervisors/create/
ERROR 2025-11-07 20:06:47,100 log Internal Server Error: /api/v1/accounts/supervisors/create/
ERROR 2025-11-07 20:29:56,218 log Internal Server Error: /api/v1/accounts/supervisors/create/
ERROR 2025-11-07 20:32:56,786 log Internal Server Error: /api/v1/accounts/supervisors/create/
INFO 2025-11-07 20:44:15,106 autoreload Watching for file changes with StatReloader
ERROR 2025-11-07 21:00:12,687 log Internal Server Error: /api/v1/accounts/supervisors/create/
INFO 2025-11-07 21:20:04,760 autoreload D:\pro99\B2\BackendV4\apps\accounts\serializers.py changed, reloading.
INFO 2025-11-07 21:20:10,828 autoreload Watching for file changes with StatReloader
ERROR 2025-11-07 22:17:52,345 log Internal Server Error: /api/v1/accounts/supervisors/
ERROR 2025-11-07 22:18:53,171 log Internal Server Error: /api/v1/accounts/supervisors/create/
ERROR 2025-11-07 22:21:17,346 log Internal Server Error: /api/v1/accounts/supervisors/
ERROR 2025-11-07 22:21:17,357 log Internal Server Error: /api/v1/accounts/patients/
INFO 2025-11-07 22:23:27,197 autoreload Watching for file changes with StatReloader
INFO 2025-11-07 22:42:38,391 autoreload Watching for file changes with StatReloader
INFO 2025-11-08 01:12:57,322 autoreload Watching for file changes with StatReloader
INFO 2025-11-08 01:21:15,921 autoreload D:\pro99\B2\BackendV4\medismile\settings.py changed, reloading.
INFO 2025-11-08 01:21:20,154 autoreload Watching for file changes with StatReloader
INFO 2025-11-08 02:04:54,119 autoreload Watching for file changes with StatReloader
ERROR 2025-11-08 02:23:39,419 log Internal Server Error: /api/v1/universities/90a071e5-9d2d-4e5c-8d16-eb6aa87f595f/courses/create/
INFO 2025-11-09 18:24:06,056 autoreload Watching for file changes with StatReloader
INFO 2025-11-09 22:37:46,774 autoreload Watching for file changes with StatReloader
INFO 2025-11-10 08:07:12,398 autoreload Watching for file changes with StatReloader
INFO 2025-11-11 07:55:31,677 autoreload Watching for file changes with StatReloader
INFO 2025-11-11 18:14:42,437 autoreload D:\pro99\B2\medismileBackend\apps\accounts\serializers.py changed, reloading.
INFO 2025-11-11 18:15:13,935 autoreload Watching for file changes with StatReloader
INFO 2025-11-11 18:17:58,657 autoreload D:\pro99\B2\medismileBackend\apps\accounts\views.py changed, reloading.
INFO 2025-11-11 18:18:15,663 autoreload Watching for file changes with StatReloader
INFO 2025-11-11 18:24:23,877 autoreload D:\pro99\B2\medismileBackend\apps\accounts\views.py changed, reloading.
INFO 2025-11-11 18:24:39,555 autoreload Watching for file changes with StatReloader
INFO 2025-11-11 18:37:48,395 autoreload Watching for file changes with StatReloader
INFO 2025-11-11 19:03:38,410 autoreload Watching for file changes with StatReloader
WARNING 2025-11-11 19:12:22,367 log Bad Request: /api/v1/accounts/login/
WARNING 2025-11-11 19:32:19,897 log Forbidden: /api/v1/accounts/logout/
INFO 2025-11-11 22:33:17,682 autoreload Watching for file changes with StatReloader
WARNING 2025-11-11 23:17:27,010 log Not Found: /api/v1/create
WARNING 2025-11-11 23:18:48,976 log Not Found: /api/v1/accounts/register/
WARNING 2025-11-11 23:19:00,276 log Not Found: /api/v1/accounts/register
WARNING 2025-11-11 23:19:26,045 log Not Found: /api/v1/accounts/create
ERROR 2025-11-11 23:21:13,233 log Internal Server Error: /api/v1/accounts/patients/create/
ERROR 2025-11-11 23:21:29,024 log Internal Server Error: /api/v1/accounts/patients/create/
ERROR 2025-11-11 23:21:55,866 log Internal Server Error: /api/v1/accounts/patients/create/
ERROR 2025-11-11 23:22:17,569 log Internal Server Error: /api/v1/accounts/patients/create/
INFO 2025-11-12 17:29:55,472 autoreload Watching for file changes with StatReloader
INFO 2025-11-13 11:47:34,427 autoreload Watching for file changes with StatReloader
INFO 2025-11-13 19:41:05,621 autoreload Watching for file changes with StatReloader
INFO 2025-11-14 15:29:03,406 autoreload Watching for file changes with StatReloader
INFO 2025-11-17 12:49:09,710 autoreload Watching for file changes with StatReloader
WARNING 2025-11-17 12:57:59,349 log Not Found: /api/cases
WARNING 2025-11-17 12:57:59,835 log Not Found: /api/cases
WARNING 2025-11-17 12:58:36,237 log Not Found: /api/cases
WARNING 2025-11-17 13:01:16,029 log Forbidden: /api/v1/cases/
WARNING 2025-11-17 13:02:12,955 log Forbidden: /api/v1/cases/
WARNING 2025-11-17 13:02:48,803 log Forbidden: /api/v1/cases/
WARNING 2025-11-17 13:02:51,788 log Forbidden: /api/v1/cases/
WARNING 2025-11-17 13:02:52,869 log Forbidden: /api/v1/cases/
WARNING 2025-11-17 13:02:54,926 log Forbidden: /api/v1/cases/
WARNING 2025-11-17 13:08:14,968 log Forbidden: /api/v1/cases/
WARNING 2025-11-17 13:08:26,499 log Forbidden: /api/v1/cases/
WARNING 2025-11-17 13:08:26,957 log Forbidden: /api/v1/cases/
WARNING 2025-11-17 13:09:01,571 log Forbidden: /api/v1/cases/
WARNING 2025-11-17 13:23:05,171 log Forbidden: /api/v1/cases/
WARNING 2025-11-17 13:23:05,800 log Forbidden: /api/v1/cases/
INFO 2025-11-17 13:49:50,827 autoreload D:\pro99\B2\medismileBackend\apps\accounts\urls.py changed, reloading.
INFO 2025-11-17 13:50:29,371 autoreload Watching for file changes with StatReloader
INFO 2025-11-17 19:43:01,225 autoreload D:\pro99\B2\medismileBackend\apps\evaluations\views.py changed, reloading.
INFO 2025-11-17 19:43:14,008 autoreload Watching for file changes with StatReloader
INFO 2025-11-17 19:43:27,518 autoreload D:\pro99\B2\medismileBackend\apps\cases\views.py changed, reloading.
INFO 2025-11-17 19:43:40,518 autoreload Watching for file changes with StatReloader
INFO 2025-11-17 19:43:51,135 autoreload D:\pro99\B2\medismileBackend\apps\cases\views.py changed, reloading.
INFO 2025-11-17 19:43:56,863 autoreload Watching for file changes with StatReloader
INFO 2025-11-17 19:44:24,447 autoreload D:\pro99\B2\medismileBackend\apps\appointments\views.py changed, reloading.
INFO 2025-11-17 19:45:03,284 autoreload Watching for file changes with StatReloader
INFO 2025-11-17 19:45:25,025 autoreload D:\pro99\B2\medismileBackend\apps\attachments\views.py changed, reloading.
INFO 2025-11-17 19:46:41,695 autoreload Watching for file changes with StatReloader
INFO 2025-11-17 19:47:26,793 autoreload D:\pro99\B2\medismileBackend\apps\ai\views.py changed, reloading.
INFO 2025-11-17 19:48:36,737 autoreload Watching for file changes with StatReloader
INFO 2025-11-17 19:49:37,570 autoreload D:\pro99\B2\medismileBackend\apps\ai\views.py changed, reloading.
INFO 2025-11-17 19:50:02,204 autoreload Watching for file changes with StatReloader
INFO 2025-11-17 20:42:47,063 autoreload D:\pro99\B2\medismileBackend\apps\appointments\models.py changed, reloading.
INFO 2025-11-17 20:43:50,079 autoreload Watching for file changes with StatReloader
INFO 2025-11-17 20:44:28,880 autoreload D:\pro99\B2\medismileBackend\apps\appointments\views.py changed, reloading.
INFO 2025-11-17 20:45:01,522 autoreload Watching for file changes with StatReloader
INFO 2025-11-17 20:45:49,526 autoreload D:\pro99\B2\medismileBackend\apps\appointments\views.py changed, reloading.
INFO 2025-11-17 20:46:53,123 autoreload Watching for file changes with StatReloader
INFO 2025-11-17 20:56:18,958 autoreload D:\pro99\B2\medismileBackend\medismile\settings.py changed, reloading.
INFO 2025-11-17 20:57:09,290 autoreload Watching for file changes with StatReloader
INFO 2025-11-17 21:15:37,022 autoreload D:\pro99\B2\medismileBackend\apps\notifications\urls.py changed, reloading.
INFO 2025-11-17 21:15:48,393 autoreload Watching for file changes with StatReloader
INFO 2025-11-21 01:32:30,249 autoreload Watching for file changes with StatReloader
INFO 2025-11-21 01:32:59,190 autoreload Watching for file changes with StatReloader
INFO 2025-11-21 01:33:08,090 autoreload A:\graduation\files\New folder\medismileBackend\medismile\settings.py changed, reloading.
INFO 2025-11-21 01:33:09,222 autoreload Watching for file changes with StatReloader
INFO 2025-11-21 01:33:14,113 autoreload A:\graduation\files\New folder\medismileBackend\medismile\settings.py changed, reloading.
INFO 2025-11-21 01:33:15,050 autoreload Watching for file changes with StatReloader
INFO 2025-11-21 01:33:17,687 autoreload A:\graduation\files\New folder\medismileBackend\medismile\settings.py changed, reloading.
INFO 2025-11-21 01:33:18,726 autoreload Watching for file changes with StatReloader
INFO 2025-11-21 01:34:48,367 autoreload Watching for file changes with StatReloader
INFO 2025-11-21 01:35:04,349 autoreload A:\graduation\files\New folder\medismileBackend\medismile\settings.py changed, reloading.
INFO 2025-11-21 01:35:05,848 autoreload Watching for file changes with StatReloader
INFO 2025-11-21 01:35:08,004 autoreload A:\graduation\files\New folder\medismileBackend\medismile\settings.py changed, reloading.
INFO 2025-11-21 01:35:09,058 autoreload Watching for file changes with StatReloader
WARNING 2025-11-21 01:35:13,847 log Not Found: /
WARNING 2025-11-21 01:35:14,401 log Not Found: /logo.png
WARNING 2025-11-21 01:35:15,530 log Not Found: /favicon.ico
